key,english,korean
agenda_defensive_focus,Secure the Borders,국경 보호
agenda_expansionist_overtures,Expansionist Overtures,확장주의 접근
agenda_finanical,Grow Economy,경제 성장
agenda_import_export,Import / Export,수입/수출
agenda_industrial,Develop Industry,공업 발달
agenda_national_purity,National Purity,민족 순수성
agenda_native_privilege,Native Privilege,원주민 특권
agenda_naval_focus,Fleet Expansion,함대 확장
agenda_privilege_crackdowns,Privilege & Crackdowns,특권과 강력 탄압
agenda_public_debates,Public Discourse,대중 담론
agenda_ref,Agenda,안건
agenda_science,Scientific Leap,과학적 도약
agenda_selective_nostalgia,Selective Nostalgia,선택적 그리움
agenda_skill_development,Skill Development,스킬 성장
agenda_slave_optimization,Slave Optimizations,노예 최적화
agenda_superior_colonies_planet_boost,Superior Colonies Support,상급 식민지 지원
agenda_welfare,A New Generation,새로운 세대
agenda_xeno_outreach,Xeno Outreach,외계 확장
ap_archaeoengineers,Archaeo-Engineers,고대기술 공학자
ap_arcology_project,Arcology Project,아콜로지 프로젝트
ap_become_the_crisis,Galactic Nemesis,은하적 천벌
ap_behemoths,Behemoth Fury,베헤모스의 격노
ap_colossus,Colossus Project,콜로서스 프로젝트
ap_consecrated_worlds,Consecrated Worlds,축성된 행성
ap_cosmogenesis,Cosmogenesis,우주의 창조
ap_detox,Detox,독성 제거
ap_engineered_evolution,Biomorphosis,생체 변형
ap_enigmatic_engineering,Enigmatic Engineering,알 수 없는 공학
ap_eternal_vigilance,Eternal Vigilance,영원한 경계
ap_executive_vigor,Executive Vigor,실행력
ap_galactic_contender,Galactic Contender,은하의 도전자
ap_galactic_force_projection,Galactic Force Projection,은하계 무력시위
ap_galactic_hyperthermia,Galactic Hyperthermia,은하계 과열
ap_galactic_wonders,Galactic Wonders,은하의 경이
ap_grasp_the_void,Grasp the Void,공허 파악
ap_hive_worlds,Hive Worlds,군체 행성
ap_hydrocentric,Hydrocentric,침수주의
ap_imperial_prerogative,Imperial Prerogative,제국의 특권
ap_interdimensional_processing,Interdimensional Processing,차원 간 프로세싱
ap_interstellar_dominion,Interstellar Dominion,성간 지배
ap_lord_of_war,Lord of War,전쟁 군주
ap_machine_worlds,Machine Worlds,기계 행성
ap_master_builders,Master Builders,건설 장인
ap_mastery_of_nature,Mastery of Nature,자연 정복
ap_mechromancy,Mechromancy,기계사령술
ap_mind_over_matter,Mind Over Matter,육신을 지배하는 정신
ap_nihilistic_acquisition,Nihilistic Acquisition,허무적 취득
ap_one_vision,One Vision,하나 된 비전
ap_organo_machine_interfacing,Organo-Machine Interfacing,유기체 기계 인터페이스
ap_shared_destiny,Shared Destiny,운명 공유
ap_synthetic_age,Synthetic Age,합성체 시대
ap_synthetic_evolution,Synthetic Evolution,합성체 진화
ap_technological_ascendancy,Technological Ascendancy,기술적 우위
ap_transcendent_learning,Transcendent Learning,초월 학습
ap_universal_transactions,Universal Transactions,전 은하적 거래
ap_voidborn,Voidborne,공허 태생
ap_weather_control,Galactic Weather Control,은하 기상 제어
ap_world_shaper,World Shaper,행성 조형가
ap_xeno_compatibility,Xeno-Compatibility,이종 간 호환성
army_attachment_advanced_power_armor,Advanced Power Armor,강화 동력 갑옷
army_attachment_air_defense_artillery,Air Defense Artillery,방공포
army_attachment_assault_landers,Assault Landers,강습 상륙선
army_attachment_battle_strider_column,Battle Strider Column,이족 보행 병기
army_attachment_battle_worms,Battle Worms,전투 벌레
army_attachment_brood_coordinator,Brood Coordinator,무리 조율자
army_attachment_chemical_stimulants,Chemical Stimulants,화학 자극제
army_attachment_class_a_psi_operative,Class-A PSI Operative,A등급 사이오닉 요원
army_attachment_clone_commandos,Clone Commandos,클론 특공대
army_attachment_clone_suicide_brigade,Clone Suicide Brigade,클론 자폭 여단
army_attachment_combat_software_1,Combat Software 1.1,전투 소프트웨어 1.1
army_attachment_combat_software_2,Combat Software 2.0,전투 소프트웨어 2.0
army_attachment_commissar_squads,Commissar Squads,통제 위원 분대
army_attachment_cybernetic_replacements,Cybernetic Replacements,사이버네틱 대체물
army_attachment_cyborg_infiltration_unit,Cyborg Infiltration Unit,사이보그 침투 부대
army_attachment_environmental_augmentations,Environmental Augmentations,환경 적응 시술
army_attachment_exploding_slave_collars,Exploding Slave Collars,폭발성 노예 목걸이
army_attachment_hunter_killer_drone_swarms,Hunter-Killer Drone Swarms,추적 말살 드론 무리
army_attachment_hypnotic_training_regimen,Hypnotic Training Regimen,최면 훈련 요법
army_attachment_infestation_brood,Infestation Brood,감염 생물 무리
army_attachment_military_police_corps,Military Police Corps,헌병대
army_attachment_mobile_shield_generators,Mobile Shield Generators,이동식 보호막 생성기
army_attachment_neo_concrete_fortifications,Neo-Concrete Fortifications,네오 콘크리트 방어 시설
army_attachment_orbital_drop_pods,Orbital Drop Pods,궤도 강하정
army_attachment_personal_shields,Personal Shield Units,개인 보호막 장비
army_attachment_power_armor,Power Armor,동력 갑옷
army_attachment_psi_shield_specialists,PSI-Shield Specialists,사이오닉 보호막 전문가
army_attachment_psi_warriors,PSI Warriors,사이오닉 전사
army_attachment_raptor_flocks,Raptor Flocks,맹금 무리
army_attachment_self_replicating_mine_fields,Self-Replicating Mine Fields,자가 복제 지뢰 지대
army_attachment_shadow_assassins,Shadow Assassins,그림자 암살단
army_attachment_slaver_raiding_teams,Slave Raiding Teams,노예 약탈단
army_attachment_special_forces_group,Special Forces Group,특수 부대
army_attachment_telekinetic_specialists,Telekinetic Specialists,염력 전문가
army_attachment_xeno_cavalry,Xeno Cavalry,외계 기병대
army_inspiration,Inspired Army Recruits,고무된 지상군 모집
army_rank_elite,Elite,정예
army_rank_experienced,Experienced,숙련
army_rank_regular,Regular,일반
army_rank_veteran,Veteran,베테랑
army_speed_boost,Enhanced Ship Speed,함선 속도 향상
building_abandoned_gene_clinic,Abandoned Gene Clinic,방치된 유전자 진료소
building_advanced_storm_resistant_production,Storm Nullifier,폭풍 차단 시스템
building_affluence_center,Affluence Center,풍요 센터
building_affluence_emporium,Affluence Emporium,풍요 엠포리엄
building_agri_processing_complex,Agri-Processing Complex,농업 가공 복합 단지
building_ai_emporium,AI Emporium,AI 엠포리엄
building_akx_worm_1,Spiral-Feed Power Hub,나선형 공급 전력 허브
building_akx_worm_2,Loop Institute,순환 기관
building_akx_worm_3,Omega Alignment,오메가 정렬체
building_alien_sanctuary,Alien Sanctuary,외계인 보호처
building_alpha_hub,Alpha Hub,알파 허브
building_amusement_megaplex,Amusement Megaplex,거대 놀이공원
building_ancient_archives,Precursor Archives,선구자 기록 보관소
building_ancient_control_center,Ancient Control Center,고대 제어소
building_ancient_cryo_chamber,Ancient Cryo-Chamber,고대 냉동 수면 시설
building_ancient_factory,Autonomous Fabricators,자율 제조기
building_ancient_hive_capital,Venerable Nucleus,숭상받는 핵
building_ancient_palace,Ancient Palace,고대 궁전
building_ancient_ward_1,Ancient Ward,고대 방어소
building_ancient_ward_2,Grand Ward,대방어소
building_animal_evaluation_laboratory,Animal Evaluation Laboratory,동물 평가 실험실
building_archaeostudies_faculty,Faculty of Archaeostudies,고대기술학부
building_artist,Art Monument,예술 기념물
building_artist_patron,Ministry of Culture,문화부
building_astral_siphon_1,Astral Siphon,아스트랄 사이펀
building_astral_siphon_2,Astral Funnel,아스트랄 퍼널
building_astral_siphon_3,Astral Nexus,아스트랄 넥서스
building_astrometeorology_observation_center,Astrometeorology Observatory,우주 기상 관측소
building_augmentation_bazaars,Augmentation Bazaar,증강물 시장
building_augmentation_bazaars_branch,Offworld Implant Hub,외계 삽입물 허브
building_augmentation_center,Augmentation Center,증강 센터
building_autochthon_monument,Autochthon Monument,원주민 기념물
building_autochthon_monument_plural,Autochthon Monuments,원주민 기념물
building_autocurating_vault,Auto-Curating Vault,자동 큐레이션 보존고
building_automation_1,Automation Building,자동화 건물
building_automation_2,Optimization Building,최적화 건물
building_avatar_chamber_1,Avatar Cradle,아바타 요람
building_avatar_chamber_2,Avatar Chamber,아바타 실험실
building_avatar_chamber_3,Avatar Forest,아바타 숲
building_avatar_chamber_4,Avatar Cortex,아바타 피질
building_basic_farm,Basic Hydroponics Farm,기본 수경 재배 농장
building_basic_mine,Basic Mine,기본 광산
building_basic_power_plant,Basic Power Plant,기본 발전소
building_basic_science_lab_1,Basic Science Lab,기초 과학 연구소
building_battlement_of_steel,Battlements of Steel,강철의 성첩
building_betharian_power_plant,Betharian Power Plant,베타리안 발전소
building_bio_furnace,Bio-Furnace,생체 용광로
building_bio_reactor,Bio-Reactor,생체 반응로
building_bio_reactor_2,Advanced Bio-Reactor,첨단 생체 반응로
building_bio_reprocessing_facilities,Bio-Reprocessing Plants,생체 물질 재처리장
building_bioelectric_stimulator_1,Chloroplastic Acclimator,엽록체 적응기
building_bioelectric_stimulator_2,Chloroplastic Accelerator,엽록체 가속기
building_bioelectric_stimulator_3,Chloroplastic Lens Array,엽록체 렌즈 배열체
building_bioelectric_stimulator_4,Chloroplastic Cyst,엽록체 낭포
building_biolab_1,Xenobiological Lab,외계 생물학 연구소
building_biolab_2,Neurogenetics Institute,신경 유전학 연구 기관
building_biolab_3,Life Systems Complex,생명계 연구 단지
building_biolab_4,Biolab IV,생물학 연구소 IV
building_biolab_5,Biolab V,생물학 연구소 V
building_blocks,Crucible of Life,생명의 도가니
building_brain_node_1,Research Growth,연구 성장터
building_brain_node_2,Research Grove,연구 삼림
building_brain_node_3,Exotic Research Enclosure,외계 연구 구획
building_brain_node_4,Advanced Research Enclosure,첨단 연구 구획
building_bureaucratic_1,Administrative Offices,행정 청사
building_bureaucratic_2,Administrative Park,행정 구역
building_bureaucratic_3,Administrative Complex,행정 단지
building_capital,Planetary Administration,행성 행정부
building_capital_wilderness,Planetary Root Bundle,행성 뿌리 뭉치
building_carceral_test_facility,Experimentation Offices,실험국
building_center_of_guidance,Center of Guidance,지도 센터
building_chamber_of_silence,Chamber of Silence,침묵의 방
building_chemical_plant,Chemical Plants,화학 공장
building_churning_stomach,Exotic Gas Filters,외계 가스 여과기
building_churning_tunnels_1,Lithic Bore,암석 채굴공
building_churning_tunnels_2,Lithic Filters,암석 여과기
building_churning_tunnels_3,Lithic Macerator,암석 파쇄기
building_churning_tunnels_4,Lithic Baths,암석 욕조
building_citadel_of_faith,Citadel of Faith,신앙의 성채
building_citadel_uplink,Citadel Uplink,성채 업링크
building_class_3_singularity,Class-3 Singularity,3등급 특이점
building_class_4_singularity,Class-4 Singularity,4등급 특이점
building_clear_thought_clinic,Clear Thought Clinic,기억 청소 시술소
building_clone_army_clone_vat,Ancient Clone Vat,고대 클론 배양소
building_clone_army_clone_vat_plural,Ancient Clone Vats,고대 클론 배양소
building_clone_vats,Clone Vats,클론 배양소
building_colony_shelter,Reassembled Ship Shelter,재조립된 함선 주거지
building_colony_shelter_wilderness,Planetary Tendrils,행성 촉수
building_commensal_clearing_1,Commensal Clearing,공생 모임터
building_commensal_clearing_2,Commensal Grove,공생 삼림
building_commensal_clearing_3,Commensal Valley,공생 계곡
building_commensal_clearing_4,Commensal Biome,공생 생물군계
building_commercial_forum,Commercial Forum,상업 포럼
building_commercial_megaplex,Commerce Megaplexes,상업 거대 복합 단지
building_commercial_zone,Commercial Zones,상업 지역
building_communal_housing,Communal Housing,공동 주택
building_communal_housing_large,Utopian Communal Housing,유토피아 공동 주택
building_constructed,Buildings Constructed,건물 건설 완료
building_contained_ecosphere,Contained Ecosphere,이동식 생태권
building_control_center,Control Center,제어소
building_coordinated_fulfillment_center_1,Coordinated Fulfillment Center,공조 충족 센터
building_corporate_clinics,Corporate Clinic,기업 진료소
building_corporate_embassy,Corporate Embassy,기업 대사관
building_corporate_forum,Synergy Forum,시너지 포럼
building_corporate_monument,Corporate Culture Site,기업 문화유산
building_corporate_site,Business Management Nexus,사업 경영 연결체
building_corporate_vault,Vault of Acquisitions,인수물 보관고
building_cradle_of_rebirth,Cradle of Rebirth,재탄생의 요람
building_crude_huts,Crude Huts,조잡한 오두막
building_cryonic_clones,Cryonic Clones,냉동 수면 클론
building_cryovault,Cryovault,냉동 거주실
building_crystal_growth,Crystal Bed,크리스탈 기단
building_crystal_mines,Crystal Mines,크리스탈 광산
building_crystal_plant,Synthetic Crystal Plants,합성 크리스탈 공장
building_crystal_plant_2,Kha'lanka Crystal Plant,카'란카 크리스탈 공장
building_cyberdome,Cyberdome,사이버돔
building_deployment_post,Deployment Post,배치 기지
building_dimensional_fabricator,Dimensional Fabricator,차원 제조소
building_dimensional_replicator,Dimensional Replicator,차원 복제소
building_disinformation_center,Disinformation Center,역정보 센터
building_dread_encampment,Dread Encampment,공포의 야영지
building_drone_megastorage,Upgraded Drone Storage,업그레이드 드론 보관소
building_drone_storage,Drone Storage,드론 보관소
building_eater_sanctum_desc_default,feast,연회
building_eater_sanctum_desc_machine,conquest,정복
building_embassy,Embassy Complex,대사관 복합 단지
building_empyrean_shrine,Phased Empyrean Shrine,천공의 위상 사원
building_energy_grid,Energy Grid,에너지망
building_energy_grid_plural,Energy Grids,에너지망
building_energy_nexus,Energy Nexus,에너지 연결체
building_engineering_facility_1,Materials Workshop,소재 작업실
building_engineering_facility_2,Applied Mechanics Institute,응용 역학 연구 기관
building_engineering_facility_3,Advanced Engineering Complex,첨단 공학 연구 단지
building_engineering_facility_4,Engineering Facility IV,공학 시설 IV
building_engineering_facility_5,Engineering Facility V,공학 시설 V
building_executive_retreat,Executive Retreat,경영자 휴양지
building_expanded_warren,Expanded Warren,확장형 사육장
building_experimentation_chambers_1,Experimentation Chambers,실험 구역
building_experimentation_chambers_2,Experimentation Complex,실험 복합 단지
building_experimentation_chambers_3,Experimentation Nexus,실험 연결체
building_factory_1,Civilian Industries,민간 산업체
building_factory_2,Civilian Fabricators,민간 제조소
building_factory_3,Civilian Repli-Complexes,민간 복제 단지
building_factory_efficiency_1,Distributed Design Center,분산형 설계 센터
building_factory_upkeep_1,Recirculation Center,재순환 센터
building_farming_districts_1,Crop Development Hub,작물 개발 허브
building_farming_districts_2,Soil Reclamation Center,토양 간척 센터
building_farming_districts_3,Automated Agri-Complex,자동화 농업 단지
building_farming_districts_4,Planetary Cultivation Grid,행성 경작 개발망
building_fe,Fallen Empire Building,몰락한 제국 건물
building_fe_administration_1,Omnivident Administration,모든 것을 보는 행정부
building_fe_administration_2,Omniscient Administration,모든 것을 아는 행정부
building_fe_administration_hive_1,Ephaptic Cluster,연접 군집
building_fe_administration_hive_2,Ephaptic Axon,연접 축삭
building_fe_administration_machine_1,Fractal Coordination Point,프랙털 조율 거점
building_fe_administration_machine_2,Quantic Coordination Point,양자 조율 거점
building_fe_assembly_1,Robot Manufacturing Nexus,로봇 제조 연결체
building_fe_clinic_1,Molecular-Revitalization Institute,분자 재활성화 기관
building_fe_clinic_2,Bioregeneration Institute,생체 재생 기관
building_fe_dome,Empyrean Dome,천공의 반구
building_fe_entertainment_1,Virtual Bliss Plaza,가상 위락 플라자
building_fe_entertainment_2,Omni-Bliss Nexus,만능 위락 연결체
building_fe_fortress,Aspis Bastion,아스피스 우주 요새
building_fe_lab_1,Quantum Innovation Nexus,양자 혁신 연결체
building_fe_lab_2,Transcendental Innovation Department,초월 혁신부
building_fe_market_1,Galactic Commerce Hub,은하 상업 허브
building_fe_market_2,Interstellar Commerce Nexus,성간 상업 연결체
building_fe_mine_1,Quantum Drilling Plant,양자 시추 공장
building_fe_mine_2,Quantum Drilling Hub,양자 시추 허브
building_fe_security_1,Justice Complex,사법부 청사
building_fe_security_2,Ziggurat of Justice,사법 지구라트
building_fe_silo_1,Shrinkspace Depot,공간 압축 창고
building_fe_silo_2,Extra-Dimensional Depot,타 차원 창고
building_fe_sky_dome,Sky Dome,스카이 돔
building_fe_stronghold,Aegis Complex,이지스 복합 방어 시설
building_fe_temple_1,Celestial Sanctum,천상의 성소
building_fe_temple_2,Celestial Cathedral,천상의 대성당
building_fe_xeno_zoo,Xeno Preserve,외계종 보호 구역
building_food_conglomerate,Fast Food Chain,패스트푸드 체인
building_food_processing_center,Food Processing Centers,식량 가공 센터
building_food_processing_facility,Food Processing Facilities,식량 가공 시설
building_fortress,Fortress,요새
building_foundry_1,Alloy Foundries,합금 주조소
building_foundry_2,Alloy Mega-Forges,초거대 합금 단조장
building_foundry_3,Alloy Nano-Plants,합금 나노 공장
building_foundry_efficiency_1,Metallurgical Research Lab,금속 가공 연구소
building_foundry_upkeep_1,Alloy Reclamation Plant,합금 회수 공장
building_gaiaseeders,Gaia Seeders,가이아 파종기
building_galactic_memorial_1,Sanctuary of Repose,영면의 성소
building_galactic_memorial_2,Pillar of Quietus,안식의 지주
building_galactic_memorial_3,Galactic Memorial,은하 기념관
building_galactic_stock_exchange,Galactic Stock Exchange,은하 증권 거래소
building_gas_extractors,Gas Extraction Wells,가스 추출정
building_generator_districts_1,Conductive Works Complex,전기 공사 복합 단지
building_generator_districts_2,Substation Relay Complex,변전소 중계 단지
building_generator_districts_3,Plasma Regulation Array,플라스마 조절 배열체
building_generator_districts_4,Planetary Nexus,행성 연결체
building_generator_generic,Voltaic Production Yard,동전기 발전장
building_genomic_facility,Genomic Research Facility,유전체 연구 시설
building_genomic_facility_plural,Genomic Research Facilities,유전체 연구 시설
building_grand_embassy,Grand Embassy Complex,대형 대사관 복합 단지
building_grand_mausoleum,Grand Mausoleum,웅장한 영묘
building_great_pyramid,Great Pyramid,거대 피라미드
building_guardian_dragon_monument,Dragonslayer Monument,드래곤슬레이어 기념물
building_guardian_dragon_shrine,Ether Drake Shrine,에테르 드레이크 사원
building_hab_agri_bay,Agricultural Zone,농업 구역
building_hab_astro_mining_facility,Astro-Mining Bay,우주 채굴소
building_hab_capital,Habitat Administration,거주지 행정부
building_hab_cultural_center,Leisure District,휴양 지구
building_hab_laboratory_module,Laboratory Complex,실험 복합 단지
building_hab_major_capital,Habitat Central Control,거주지 중앙 통제소
building_hab_solar_power_processor,Solar Power Processor,태양력 처리기
building_hab_stronghold,Security Zone,보안 구역
building_hab_system_capital,Habitat System Control,거주지 시스템 통제소
building_hall_judgment,Hall of Judgment,심판소
building_heritage_site,Heritage Site,문화유산
building_hive_capital,Hive Core,군체 심장부
building_hive_cluster,Synaptic Clusters,시냅스 군집
building_hive_confluence,Confluence of Thought,사고의 합일
building_hive_crude_huts,Simple Nests,간이 둥지
building_hive_major_capital,Hive Nexus,군체 연결체
building_hive_node,Synaptic Nodes,시냅스 노드
building_hive_primitive_capital,Continental Nexus,대륙 연결체
building_hive_primitive_dwellings,Early Colony,초기 군락
building_hive_primitive_node,Simple Synaptic Node,단순 시냅스 노드
building_hive_stone_palace,Stone Hive,석재 군체
building_hive_synapse,Hive Synapse,군체 시냅스
building_hive_transcendental_retreat,Genomic Safeguard Warren,유전체 수호 보전소
building_hive_warren,Hive Warren,군체 사육장
building_holo_theatres,Holo-Theatres,홀로그램 극장
building_holotemple,Holotemple,홀로그램 신전
building_hydroponics_farm,Hydroponics Farms,수경 재배 농장
building_hydroponics_farm_1,Hydroponics Farm I,수경 재배 농장 I
building_hydroponics_farm_2,Hydroponics Farm II,수경 재배 농장 II
building_hydroponics_farm_3,Hydroponics Farm III,수경 재배 농장 III
building_hydroponics_farm_4,Hydroponics Farm IV,수경 재배 농장 IV
building_hydroponics_farm_5,Hydroponics Farm V,수경 재배 농장 V
building_hyper_entertainment_forum,Hyper-Entertainment Forums,하이퍼 엔터테인먼트 포럼
building_hypercomms_forum,Hypercomms Forum,초광속 통신 포럼
building_identity_complex,Identity Complex,인격 개발 단지
building_identity_repository,Identity Repository,인격 보관소
building_illicit_research_labs,Illicit Research Labs,불법 연구소
building_imperial_capital,Imperial Palace,제국 황궁
building_imperial_capital_wilderness,Imperial Complex,제국 복합체
building_imperial_concession_port,Imperial Concession Port,제국 양허 항구
building_imperial_machine_capital,Imperial Center,제국 중심 구역
building_industrial_subsidiary,Industrial Subsidiary,산업 자회사
building_institute,Research Institute,연구 기관
building_junkheap,Junk Heap,쓰레기 더미
building_knightly_theme_park,Knightly Fair Grounds,기사 축제 마당
building_lathe_capital,Processing Unit,처리 장치
building_lathe_cogitator,Synaptic Cogitator,시냅스 숙고기
building_lathe_life_support,Synaptic Sustainer,시냅스 유지기
building_lathe_major_capital,Processing Unit: Parallelized,처리 장치: 병렬화
building_lathe_overclocker,Synaptic Overclocker,시냅스 오버클러커
building_lathe_preserver,Synaptic Preserver,시냅스 보존기
building_lathe_reactor,Expanded Reactor,확장 반응로
building_lathe_resonator,Synaptic Resonator,시냅스 공명기
building_lathe_stabilisator,Neural Stabilizer,신경 안정기
building_lathe_super_capital,Processing Unit: Vectorial,처리 장치: 벡터
building_lathe_validator,Synaptic Validator,시냅스 검증기
building_lifecrypt_1,Leeching Tower,에너지 흡수탑
building_lifecrypt_2,Soul Siphon,소울 사이펀
building_lifecrypt_3,Essence Conduit,에너지 정수 도관
building_lifecrypt_corporate_1,Synergy Headquarters,시너지 센터
building_lifecrypt_corporate_2,Synergy Administration,시너지 행정부
building_lifecrypt_corporate_3,Synergy Nexus,시너지 연결체
building_lifecrypt_machine_1,Siphon Battery,사이펀 배터리
building_lifecrypt_machine_2,Battery Complex,배터리 복합체
building_lifecrypt_machine_3,Battery Nexus,배터리 연결체
building_livestock_processing_center,Processing Center,가공 센터
building_low_tech_admin_hub,Administrative Hub,행정 허브
building_low_tech_capital,Command Center,지휘소
building_low_tech_farm,Makeshift Farms,간이 농장
building_low_tech_power_plant,Power Plant,발전소
building_low_tech_scrap_refinery,Scrap Refinery,고철 정제소
building_luxury_residence,Luxury Residences,호화 주거
building_machine_assembly_complex,Machine Assembly Complex,기계 조립 단지
building_machine_assembly_plant,Machine Assembly Plants,기계 조립 공장
building_machine_capital,Administrative Array,행정 배열망
building_machine_major_capital,Planetary Processor,행성 연산기
building_machine_primitive_node,Simple Uplink Node,단순 업링크 노드
building_machine_system_capital,Primary Nexus,주 연결체
building_maintenance_depot,Logistics Hub,물류 허브
building_major_capital,Planetary Capital,행성 수도
building_major_capital_wilderness,Planetary Root Complex,행성 뿌리 복합체
building_massive_growth_1,Nutritious Dell,영양 협곡
building_massive_growth_2,Nutritious Undergrowth,영양 관목
building_massive_growth_3,Contour Megaplantation,등고선 재배 거대 농장
building_massive_growth_4,Sylviculture Plantation,식목 농장
building_master_archive,Master Archive,중앙 기록 보관소
building_materiality_engine,Materiality Engine,물질화 엔진
building_materiality_engine_plural,Materiality Engines,물질화 엔진
building_medical_1,Medical Center,의료 센터
building_medical_2,Gene Clinics,유전자 진료소
building_medical_3,Cyto-Revitalization Centers,세포 재생소
building_micro_forge,Hyper-Forge,하이퍼 단조장
building_military_academy,Military Academy,사관 학교
building_military_contractors,Mercenary Liaison Office,용병 알선 사무소
building_mine_generic,Surface Quarry Depot,지표 채굴 저장소
building_mineral_purification_hub,Mineral Purification Hubs,광물 정제 허브
building_mineral_purification_plant,Mineral Purification Plants,광물 정제 공장
building_mineral_silo_1,Mineral Silo I,광물 저장고 I
building_mineral_silo_2,Mineral Silo II,광물 저장고 II
building_mineral_silo_3,Mineral Silo III,광물 저장고 III
building_mining_districts_1,Industrial Mining Site,산업 채굴장
building_mining_districts_2,Core Drilling Array,심부 시추 배열체
building_mining_districts_3,Seismic Tunneling Yard,지진 터널 굴착장
building_mining_network_1,Mining Network I,채굴망 I
building_mining_network_2,Mining Network II,채굴망 II
building_mining_network_3,Mining Network III,채굴망 III
building_mining_network_4,Mining Network IV,채굴망 IV
building_mining_network_5,Mining Network V,채굴망 V
building_ministry_production,Ministry of Production,생산부
building_monument,Monument,기념물
building_monument_purity,Monument to Purity,순수 기념물
building_mote_aggravator,Chemical Digester,화학 소화 기관
building_mote_harvesters,Mote Harvesting Traps,분말 포집기
building_mutant_landfill,Mutant Landfill,돌연변이 매립지
building_nanite_transmuter,Nanite Transmuter,나노봇 변환 시설
building_nano_forge,Auto-Forge,자동 단조장
building_nanolab_1,Nanite Research Facility,나노봇 연구 시설
building_nanolab_2,Nanite Research Complex,나노봇 연구 단지
building_nanotech_cauldron,Nanotech Cauldron,나노테크 도가니
building_natural_furnace_0,Smelting Pool,제련 웅덩이
building_natural_furnace_1,Smelting Kiln,제련 가마
building_natural_furnace_2,Solid-Light Smelter,고체 광선 용광로
building_natural_furnace_3,Nano-Smelter,나노 용광로
building_necrophage_elevation_chamber,Chamber of Elevation,승급의 방
building_necrophage_house_of_apotheosis,House of Apotheosis,이상화의 집
building_network_junction,Network Junction,망 교차소
building_neuro_electric_amplifier,Neuro-Electric Amplifier,신경 전기 증폭기
building_noble_estates,Noble Estates,귀족 영지
building_nourishment_center,Nourishment Center,영양 센터
building_nourishment_complex,Nourishment Complex,영양 단지
building_nutrient_paste_facility,Nutrient Paste Facility,영양 반죽 공장
building_nuumismatic_shrine,Numistic Shrine,누마 사원
building_odd_factory,Odd Factory,기묘한 공장
building_offspring_nest,Offspring Nest,자손의 둥지
building_offworld_expedition_hub,Offworld Expedition Hub,외계 탐사 허브
building_order_castle,Order's Castle,기사단의 성
building_order_keep,Order's Keep,기사단의 성채
building_organic_paradise,Organic Paradise,유기체 낙원
building_organic_sanctuary,Organic Sanctuary,유기체 보호처
building_orillium_factory,Orillium Explosives Factory,오릴륨 폭발물 공장
building_overseer_homes,Overseer Residences,감독관 주택
building_ozone_thickener,Planetary Shield Canopy,임관층 행성 보호막
building_paradise_dome,Paradise Dome,낙원 돔
building_paragon_memory_vaults,Vaults of Knowledge,지식의 보고
building_paragon_origin_academy,Grand Academy,대학술원
building_particle_accelerator,Particle Accelerator,입자 가속기
building_physics_lab_1,Field Dynamics Center,역장 역학 센터
building_physics_lab_2,Quantum Relations Annex,양자 관계 연구소 별관
building_physics_lab_3,Fundamental Research Nexus,기초 연구 연결체
building_physics_lab_4,Physics Lab IV,물리학 연구소 IV
building_physics_lab_5,Physics Lab V,물리학 연구소 V
building_pinniped_sanctuary,Pinniped Sanctuary,기각류 보호처
building_pirate_haven,Pirate Free Haven,해적 안식처
building_pitharan_plant,Pitharan Fertilizer Plant,피타란 비료 공장
building_plague_memorial,Plague Memorial,전염병 추모관
building_planetary_carapace,Bone Garrison,골격 주둔지
building_planetary_carapace_2,Bone Fortress,골격 요새
building_planetary_shield_generator,Planetary Shield Generator,행성 보호막 생성기
building_posthumous_employment_center,Posthumous Employment Center,사후 고용 센터
building_power_plant_1,Power Plant I,발전소 I
building_power_plant_2,Power Plant II,발전소 II
building_power_plant_3,Power Plant III,발전소 III
building_power_plant_4,Power Plant IV,발전소 IV
building_power_plant_5,Power Plant V,발전소 V
building_pre_ftl_radio_telescope,Radio Telescope Array,전파 망원경 배열체
building_precinct_house,Precinct Houses,경찰서
building_primitive_capital,Regional Capitals,지역 수도
building_primitive_dwellings,Primitive Dwellings,원시 거주소
building_primitive_factory,Basic Factories,기본 공장
building_primitive_farm,Primitive Farms,원시 농장
building_primitive_mine,Primitive Mine,원시 광산
building_primitive_offices,Basic Offices,기본 사무실
building_primitive_power_plant,Primitive Power Plant,원시 발전소
building_primitive_research,Basic Research Labs,기본 연구소
building_private_mining_consortium,Private Mining Consortium,민간 채굴 컨소시엄
building_private_research_initiative,Private Research Enterprises,민간 연구 기업
building_private_security,Private Security Company,민간 경비 회사
building_private_shipyards,Private Military Industries,민간 군수 산업체
building_probability_engine,Probability Engine,확률 엔진
building_production_center,Resource Processing Center,자원 처리소
building_psi_corps,Psi Corps,사이오닉단
building_psionic_offices,Psionic Offices,사이오닉 청사
building_psionic_suppressor,Psionic Suppressor,사이오닉 억제기
building_public_relations_office,Public Relations Firm,홍보 대행사
building_quarantine,Plague Research Station,전염병 연구 기지
building_ranger_lodge,Ranger Lodge,자연 감시인 오두막
building_refinery,Exotic Gas Refineries,외계 가스 정제소
building_research_efficiency_1,Data-Driven Theorem Facility,데이터 기반 법칙 연구 시설
building_research_lab_1,Research Labs,연구소
building_research_lab_2,Research Complexes,연구 단지
building_research_lab_3,Advanced Research Complexes,첨단 연구 단지
building_research_upkeep_1,Research Supply Depot,연구 소재 공급 창고
building_resort_capital,Resort Administration,리조트 행정부
building_resort_major_capital,Resort Capital-Complex,리조트 수도 단지
building_resource_silo,Resource Silos,자원 저장고
building_robot_assembly_complex,Robot Assembly Complex,로봇 조립 단지
building_robot_assembly_plant,Robot Assembly Plants,로봇 조립 공장
building_robotics_assembly_plant,Robotics Assembly Plant,로봇 조립 공장
building_robotics_assembly_plant_2,Droid Assembly Plant,드로이드 조립 공장
building_robotics_assembly_plant_3,Synthetic Assembly Plant,합성체 조립 공장
building_royal_gardens,Royal Gardens,황실 정원
building_sacred_nexus,Sacred Nexus,신성 연결체
building_sacrificial_temple_1,Sacrificial Temple,희생의 신전
building_sacrificial_temple_2,Grim Holotemple,음산한 홀로그램 신전
building_sanctuary_of_toil,Sanctuary of Toil,노역의 안식처
building_sensorium_1,Sensorium Site,감지 기지
building_sensorium_2,Sensorium Center,감지 센터
building_sensorium_3,Sensorium Complex,감지 복합 단지
building_sentinel_posts,Sentinel Posts,감시 기지
building_shroud_observatory_1,Shroud Observation Tower,장막 관측 탑
building_shroud_observatory_2,Shroud Observatory,장막 관측소
building_shroud_observatory_3,Shroud Observation Complex,장막 관측 단지
building_simulation_1,Simulation Site,시뮬레이션 구역
building_simulation_2,Simulation Center,시뮬레이션 센터
building_simulation_3,Simulation Complex,시뮬레이션 단지
building_singularity_core,Singularity Core,특이점 코어
building_slave_capital,Governor's Palace,총독궁
building_slave_huts,Slave Huts,노예 오두막
building_slave_major_capital,Governor's Estates,총독 영지
building_slave_processing,Slave Processing Facility,노예화 시설
building_smuggling_rings,Smuggler's Port,밀수자의 항구
building_solarpunk_organic_paradise,Hanging Cities,매달린 도시
building_solarpunk_ranger_lodge,Nature Preserve Lodge,자연 보호 오두막
building_solarpunk_sapling,Grand Sapling,거대 묘목
building_spare_parts_depot,Spare Parts Depot,예비 부품 창고
building_spawning_pool,Spawning Pools,산란장
building_state_academy,State Academy,국립 학교
building_stellarite_trophy,Stellar Devourer Trophy,항성 포식자 기념물
building_stone_palace,Stone Palaces,석재 궁전
building_storm_attraction_center,Storm Attraction Center,폭풍 유인 센터
building_storm_grand_theater,Storm Grand Theater,폭풍 대극장
building_storm_holo_theater,Storm Holo Hall,폭풍 홀로그램 전당
building_storm_repellent_center,Storm Repulsion Center,폭풍 차단 센터
building_storm_resistant_production,Storm Relief Center,폭풍 구호 센터
building_storm_summoning_theater,Storm Summoning Theater,폭풍 소환 극장
building_stronghold,Stronghold,주둔지
building_subterranean_cache,Subterranean Cache,지하 매장지
building_subversive_shrine,Subversive Shrine,전복의 사원
building_supercomputer,Planetary Supercomputer,행성 슈퍼컴퓨터
building_symbol_purity,Symbol of Purity,순수의 상징
building_symbol_unity,Symbol of Unity,통합의 상징
building_syndicate_outreach_office,Syndicate Front Corporations,범죄 집단 위장 기업
building_system_capital,System Capital-Complex,성계 수도 복합 단지
building_system_capital_wilderness,Planetary Root Nexus,행성 뿌리 연결체
building_system_conflux,System Conflux,시스템 합류소
building_temple,Temple,신전
building_temple_of_prosperity,Temple of Prosperity,번영의 신전
building_tendril_cradle_1,Tendril Cradle,덩굴 요람
building_tendril_cradle_2,Threaded Span,광활한 덩굴망
building_tendril_cradle_3,Conveyroot Nest,운반뿌리 둥지
building_tendril_cradle_4,Planetary Threadheart,행성 줄심장
building_the_sanctum_of_augmentation,Sanctum of Augmentation,증강의 성소
building_the_zone,Zone A,A 구역
building_toxic_bath,Mutagenic Spas,변이 유발 스파
building_toxic_bath_hive,Mutagenic Permutation Pool,변이 유발 치환 웅덩이
building_toxic_bath_machine,Hyper Lubrication Basin,초윤활제 욕조
building_toy_factory,Alien Toy Factory,외계인 장난감 공장
building_transcendental_retreat,Genomic Services Center,유전체 서비스 센터
building_trophy_vault,Creativity Exhibition Vault,창의력 전시장
building_underground_chemists,Concealed Drug Labs,비밀 마약 실험실
building_underground_clubs,Underground Clubs,지하 클럽
building_unit_assembly_plant,Unit Assembly Plant,유닛 조립 공장
building_uplink_node,Uplink Node,업링크 노드
building_uplink_node_plural,Uplink Nodes,업링크 노드
building_urban_dwellings,Urban Dwellings,도시 거주소
building_vault,Underground Vault,지하 방공호
building_virtual_combat_arena,Virtual Combat Arena,가상 투기장
building_virtual_entertainment_studios,Virtual Entertainment Studios,가상 엔터테인먼트 스튜디오
building_visitor_center,Visitor Center,관광 안내소
building_volcanic_forge_2,Volcanic Foundry,화산 주조소
building_war_factory,War Factory,군수 공장
building_waste_reprocessing_center,Waste Reprocessing Center,폐기물 재처리 센터
building_wildcat_miners,Wildcat Mining Operations,비인가 채굴 기지
building_worm_farm,Loop-Plowed Farm,순환 경작 농장
building_worm_mine,Spiral-Hewn Mine,나선형 광산
building_wrecking_yards,Wrecking Yards,고철 처리장
building_xeno_tourism_agency,Xeno-Outreach Agency,외계 지원 대행사
building_xeno_zoo,Alien Zoo,외계종 동물원
building_xeno_zoo_plural,Alien Zoos,외계종 동물원
building_xenology_center,Xenology Center,외계학 연구소
building_zanaam_obelisk,Obelisk of Zanaam,자남의 오벨리스크
building_zroni_equilibrator,Zroni Equilibrator,즈로니 안정 장치
building_zroni_equilibrator_plural,Zroni Equilibrators,즈로니 안정 장치
civic_agrarian_idyll,Agrarian Idyll,목가적 농경 사회
civic_anarcho_tribalism,Anarcho-Tribalism,무정부 부족 제도
civic_ancient_machine_intelligence,Ancient Machine Intelligence,고대의 기계 지능
civic_ancient_preservers,Ancient Preservers,고대의 보호자
civic_anglers,Anglers,낚시꾼
civic_antediluvian_mind,Elder Mind,연로한 의식
civic_aristocratic_elite,Aristocratic Elite,귀족 엘리트
civic_artist_collective,Artist Collective,예술가 집단
civic_ascensionists,Ascensionists,승격 지상주의
civic_astrometeorology,Astrometeorology,우주 기상학
civic_astrometeorology_hive,Climate Modeling,기후 모형 분석
civic_astrometeorology_megacorp,Weather Exploitation,기상 활용
civic_atmospheric_pollution,Atmospheric Pollution,대기 오염
civic_augmentation_bazaars,Augmentation Bazaars,증강물 시장
civic_awakened_machine,Reactivated Custodian Matrix,재활성화된 관리인 매트릭스
civic_barbaric_despoilers,Barbaric Despoilers,야만적 약탈자
civic_beacon_of_liberty,Beacon of Liberty,자유의 등대
civic_beastmasters,Beastmasters,비스트마스터
civic_brand_loyalty,Brand Loyalty,브랜드 충성도
civic_byzantine_bureaucracy,Byzantine Bureaucracy,복잡한 관료제
civic_caravaneer_fleet1,Orlan Topless Pyramid,오를란의 꼭대기 없는 피라미드
civic_caravaneer_fleet2,Mercantile Priesthood,상인 사제
civic_caravaneer_fleet3,Absolute Commodifiers,절대적 상품화
civic_catalytic_processing,Catalytic Processing,촉매 가공
civic_chosen,Chosen,선택받은 사회
civic_citizen_service,Citizen Service,시민의 의무
civic_civil_education,Civil Education,시민 교육
civic_corporate_anglers,Trawling Operations,저인망 사업
civic_corporate_ascensionists,Gigacorp,초거대 기업
civic_corporate_beastmasters,Space Ranchers,우주 목축업자
civic_corporate_catalytic_processing,Catalytic Recyclers,촉매 재활용 장치
civic_corporate_chosen,Chosen Executives,선택받은 경영진
civic_corporate_crafters,Mastercraft Inc.,주식회사 명장
civic_corporate_crowdsourcing,Decentralized R&D,탈중앙 R&D
civic_corporate_dark_consortium,Shadow Corporation,그림자 기업
civic_corporate_dimensional_worship,Dimensional Enterprise,차원 기업
civic_corporate_dominion,Corporate Dominion,기업 통치
civic_corporate_galactic_curators,Antiquarian Expertise,골동품의 대가
civic_corporate_galvanic_symbiosis,Biometallic Cartel,생체 금속 카르텔
civic_corporate_genetic_identification,Sequenced Securities,염기 서열 보안
civic_corporate_guided_sapience,Astrogenesis Technologies,우주 종족 창조 기술
civic_corporate_hedonism,Corporate Hedonism,기업 쾌락주의
civic_corporate_hyperspace_specialty,Hyperspace Trade,초공간 무역
civic_corporate_machine_anglers,Maritime Robotics,해양 로봇
civic_corporate_relentless_industrialists,Shareholder Values,주주 가치
civic_corporate_scavengers,Refurbishment Division,재정비 부서
civic_corporate_sovereign_guardianship,Corporate Protectorate,기업 보호국
civic_corporate_superstitious_beliefs,Fortune Enterprise,운세 컨설팅
civic_corporate_toxic_baths,Mutagenic Luxury,변이 유발 호화 서비스
civic_corporate_toxic_baths_individual_machine,Luxury Lubrication Pools,호화 윤활 웅덩이
civic_corporate_world_forgers,Planetary Architects,행성 건축가
civic_corvee_system,Corvée System,부역제
civic_crafters,Masterful Crafters,공예의 대가
civic_criminal_heritage,Criminal Heritage,범죄 유산
civic_crowdsourcing,Crowdsourcing,크라우드소싱
civic_crusader_spirit,Crusader Spirit,십자군 정신
civic_crusader_spirit_corporate,Letters of Marque,나포 면허장
civic_custodian_directives,Custodian Matrix,관리인 매트릭스
civic_cutthroat_politics,Cutthroat Politics,냉혹한 정계
civic_dark_consortium,Dark Consortium,암흑 컨소시엄
civic_death_cult,Death Cult,죽음 숭배
civic_death_cult_corporate,Corporate Death Cult,기업 죽음 숭배
civic_diadochi,Diadochus,디아도쿠스
civic_dimensional_worship,Dimensional Worship,차원 숭배
civic_diplomatic_corps,Diplomatic Corps,외교단
civic_distinguished_admiralty,Distinguished Admiralty,위엄 넘치는 해군 본부
civic_dystopian_society,Oppressive Autocracy,억압적 전제정
civic_eager_explorers,Eager Explorers,열성적인 탐험가
civic_efficient_bureaucracy,Efficient Bureaucracy,효율적 관료제
civic_empire_in_decline,Empire in Decline,쇠퇴하는 제국
civic_entropy_drinkers,Entropy Drinkers,엔트로피 섭취자
civic_entropy_drinkers_corporate,Corporate Vampires,착취 기업
civic_entropy_drinkers_hive_mind,Parasitic Caste,기생형 신분제
civic_entropy_drinkers_machine,Energy Extractors,에너지 추출기
civic_environmental_architects,Planetscapers,행성 조경사
civic_environmental_architects_hive,Cultivation Drones,재배 드론
civic_environmental_architects_machine,Gardening Protocols,정원 프로토콜
civic_environmental_architects_megacorp,Geo-Engineering Inc.,지질 공학 주식회사
civic_environmentalist,Environmentalist,환경주의자
civic_exalted_priesthood,Exalted Priesthood,고위 사제단
civic_fanatic_purifiers,Fanatic Purifiers,광적인 정화자
civic_feudal_realm,Feudal Society,봉건 사회
civic_final_defense_protocols,Final Defense Directives,최종 방어 지시
civic_flat_world_theory,Flat World Theory,행성 평면설
civic_fragmented_command,Fragmented Command,파편화된 명령
civic_franchising,Franchising,가맹업
civic_free_haven,Free Haven,자유로운 피난처
civic_free_traders,Free Traders,자유 무역상
civic_functional_architecture,Functional Architecture,실용적 건축
civic_galactic_curators,Galactic Curators,은하 큐레이터
civic_galactic_sovereign,Galactic Sovereign,은하 통치국
civic_galactic_sovereign_megacorp,Corporate Sovereign,기업 총수국
civic_galvanic_empire,Galvanic Empire,갈바닉 제국
civic_galvanic_symbiosis,Galvanic Synthesis,갈바닉 합성
civic_genetic_identification,Genetic Identification,유전자 식별
civic_great_khans_legacy,Great Khan's Legacy,그레이트 칸의 유산
civic_great_khans_vision,Great Khan's Vision,그레이트 칸의 시야
civic_guided_sapience,Genesis Guides,창조의 인도자
civic_heroic_tales,Heroic Past,영웅적인 과거
civic_hive_aerospace_adaptation,Aerospace Adaptation,공중 적응
civic_hive_ascensionists,Elevational Contemplations,발전적 명상
civic_hive_ascetic,Ascetic,금욕
civic_hive_beastmasters,Wild Swarm,야생 무리
civic_hive_bodysnatcher,Bodysnatcher,신체 강탈자
civic_hive_bodysnatcher_secondary_species,Imposters,사칭꾼
civic_hive_burgeoning_nodes,Burgeoning Nodes,발전하는 노드
civic_hive_catalytic_processing,Organic Reprocessing,유기체 재처리
civic_hive_centralized_consciousness,Centralized Consciousness,중앙화된 의식
civic_hive_chosen,Chosen Many,선택받은 집단
civic_hive_cordyceptic_drones,Cordyceptic Drones,기생 진균 드론
civic_hive_devouring_swarm,Devouring Swarm,포식자 무리
civic_hive_devouring_swarm_lithoid,Terravore,대지 포식자
civic_hive_devouring_swarm_wilderness,Devouring Wilderness,포식자 광야 공생군
civic_hive_divided_attention,Divided Attention,주의 분산
civic_hive_empath,Empath,공감
civic_hive_familiar_face,Familiar Face,익숙한 얼굴
civic_hive_galactic_curators,Caretaker Network,관리인 네트워크
civic_hive_galvanic_symbiosis,Galvanic Symbiosis,갈바닉 공생
civic_hive_guided_sapience,Genesis Symbiotes,창조의 공생체
civic_hive_hyperspace_specialty,Hyperspace Synchronicity,초공간 동시 발생
civic_hive_idyllic_bloom,Mycorrhizal Ideal,이상적 균사체망
civic_hive_memorialist,Memorialist,기록자
civic_hive_natural_design,Innate Design,타고난 설계
civic_hive_natural_neural_network,Natural Neural Network,자연 신경망
civic_hive_one_mind,One Mind,하나 된 정신
civic_hive_pooled_knowledge,Pooled Knowledge,공동 지식
civic_hive_scorched_earth,Pyromanic Instinct,화염광의 본능
civic_hive_shared_genetics,Shared Genetics,유전자 공유
civic_hive_sovereign_guardianship,Guardian Cluster,수호자 군집
civic_hive_stargazers,Stargazers,별바라기
civic_hive_strength_of_legions,Strength of Legions,군단의 힘
civic_hive_subspace_ephapse,Subspace Ephapse,아공간 전기 시냅스
civic_hive_subsumed_will,Subsumed Will,포괄 의지
civic_hive_superstitious_beliefs,Zodiac Nexus,황도 연결체
civic_hive_toxic_baths,Permutation Pools,치환 웅덩이
civic_hive_upkeep_twister,Autonomous Drones,자율 드론
civic_hive_world_forgers,Volcanic Nesting,화산 거주자
civic_hyper_aggressive_drones,Hyper-Aggressive Drones,과잉 공격적 드론
civic_hyperspace_specialty,Hyperspace Specialty,초공간 특화
civic_idealistic_foundation,Idealistic Foundation,이상주의적 기반
civic_idyllic_bloom,Idyllic Bloom,목가적 발화
civic_imperial_cult,Imperial Cult,황제교
civic_increasing_urbanization,Increasing Urbanization,도시화 증가
civic_indentured_assets,Indentured Assets,계약 자산
civic_inwards_perfection,Inward Perfection,쇄국주의
civic_landed_nobility,Landed Nobility,영주 제도
civic_lethargic_leadership,Lethargic Leadership,무기력한 지도부
civic_life_seeded,Life-Seeded,생명 파종
civic_machine_anglers,Marine Machines,해양 기계
civic_machine_ascensionists,Elevational Hypotheses,발전적 가설
civic_machine_assimilator,Driven Assimilator,의욕적 동화자
civic_machine_assimilator_plural,Driven Assimilators,의욕적 동화자
civic_machine_assimilator_secondary_species,Cyborg Species,사이보그 종족
civic_machine_astromining_drones,Astro-Mining Drones,우주 채굴 드론
civic_machine_beastmasters,Biodrones,바이오드론
civic_machine_builder,Constructobot,건설 로봇
civic_machine_built_to_last,Built to Last,견고한 설계
civic_machine_catalytic_processing,Organic Retrofitting,유기물 재구성
civic_machine_chosen,Apostle Network,사도 네트워크
civic_machine_delegated_functions,Delegated Functions,대표 기능
civic_machine_diplomatic_protocols,Diplomatic Protocols,외교 프로토콜
civic_machine_exploration_protocol,Exploration Protocols,탐사 프로토콜
civic_machine_factory_overclock,Factory Overclocking,공정 과부하
civic_machine_galvanic_symbiosis,Galvanic Retrofitting,갈바닉 재구성
civic_machine_guided_sapience,Genesis Architects,창조의 건축가
civic_machine_hyperspace_specialty,Hyperspace Calculations,초공간 계산
civic_machine_intelligence,Machine Intelligence,기계 지능
civic_machine_introspective,Introspective,자기 성찰
civic_machine_maintenance_protocols,Maintenance Protocols,유지 보수 프로토콜
civic_machine_obsessional_directive,Obsessional Directive,강박적 지시
civic_machine_ota_updates,OTA Updates,무선 업데이트
civic_machine_predictive_analysis,Static Research Analysis,정적 연구 분석
civic_machine_remnants,Fallen Machine Intelligence,몰락한 기계 지능
civic_machine_replication,Rapid Replicator,신속 복제기
civic_machine_rockbreakers,Rockbreakers,착암기
civic_machine_servitor,Rogue Servitor,독자적 하인
civic_machine_servitor_plural,Rogue Servitors,독자적 하인
civic_machine_servitor_secondary_species,Bio-Trophy,생체 트로피
civic_machine_sovereign_guardianship,Guardian Matrix,수호자 매트릭스
civic_machine_spybots,Spyware Directives,스파이웨어 지침
civic_machine_stalwart_network,Stalwart Network,굳건한 네트워크
civic_machine_superstitious_beliefs,Pattern Finders,패턴 탐색기
civic_machine_tactical_algorithms,Tactical Algorithms,전술 알고리즘
civic_machine_terminator,Determined Exterminator,완고한 말살자
civic_machine_unitary_cohesion,Unitary Cohesion,단일 결속
civic_machine_upkeep_twister,Sovereign Circuits,주권 회로
civic_machine_warbots,Warbots,전쟁 로봇
civic_machine_world_forgers,Thermal Optimizers,열 관리자
civic_machine_zero_waste_protocols,Zero-Waste Protocols,제로 웨이스트 프로토콜
civic_malfunctioning_custodian,Corrupted Defense Directives,오작동 방어 지시
civic_mechanists,Mechanist,기계론자
civic_media_conglomerate,Media Conglomerate,언론 복합 기업
civic_memorialist,Memorialists,기록자
civic_memory_vault_corporate,Knowledge Mentorship,지식 멘토링
civic_memory_vault_hive,Neural Vaults,신경 보관고
civic_memory_vault_machine,Experience Cache,경험 보관고
civic_mercenary_enclave,Mercenary Enclave,용병 엔클레이브
civic_merchant_guilds,Merchant Guilds,상인 조합
civic_meritocracy,Meritocracy,능력주의
civic_military_order,Military Order,군사 기사단
civic_mining_guilds,Mining Guilds,채굴 조합
civic_nationalistic_zeal,Nationalistic Zeal,국가주의적 열성
civic_natural_design,Natural Design,자연적 설계
civic_naval_contractors,Naval Contractors,해상 청부업체
civic_necrophage_secondary_species,Prepatent Species,잠재 종족
civic_parliamentary_system,Parliamentary System,의회제
civic_permanent_employment,Permanent Employment,종신 고용
civic_philosopher_king,Philosopher King,철인 왕
civic_pleasure_seekers,Pleasure Seekers,쾌락 추구자
civic_police_state,Police State,경찰국가
civic_pompous_purists,Pompous Purists,거만한 순수주의자
civic_post_apocalyptic,Post-Apocalyptic,종말 후
civic_private_healthcare_corporate,Pharma State,제약 국가
civic_private_military_companies,Private Military Companies,민간 군사 기업
civic_private_prospectors,Private Prospectors,민간 탐사가
civic_privatized_exploration,Privatized Exploration,탐사 민영화
civic_psionic_sovereign,Divine Sovereign,신성 군주
civic_public_relations_specialists,Public Relations Specialists,홍보 전문가
civic_pyrolatry,Fire Cult,화염 교단
civic_reanimated_armies,Reanimators,소생자
civic_relentless_industrialists,Relentless Industrialists,무자비한 산업주의자
civic_restored_mind,Restored Mind,의식 회복
civic_revanchist_fervor,Revanchist Fervor,열정적 수복
civic_ruthless_competition,Ruthless Competition,가차 없는 경쟁
civic_salvager_enclave,Salvager Enclave,인양단 엔클레이브
civic_scavengers,Scavengers,고철주이
civic_scorched_earth,Scorched World Heralds,그을린 행성의 전령
civic_secret_of_fire,Secret of Fire,불의 비밀
civic_secret_societies,Secret Societies,비밀 사회
civic_secret_societies_corporate,Influential Cartel,유력 카르텔
civic_selective_kinship,Selective Kinship,선별적 동족 관계
civic_shadow_council,Shadow Council,그림자 평의회
civic_shared_burden,Shared Burdens,나누어 진 짐
civic_shroudwalker_enclave,Shroudwalker Enclave,장막을 걷는 자 엔클레이브
civic_slaver_guilds,Slaver Guilds,노예상 조합
civic_sluggish_drones,Undirected Drones,통제받지 않는 드론
civic_sovereign_guardianship,Sovereign Guardianship,주권 수호
civic_storm_callers,Storm Devotion,폭풍교도
civic_storm_callers_megacorp,Storm Influencers,폭풍 인플루언서
civic_stunted_drones,Stunted Drones,제약받는 드론
civic_superstitious_beliefs,Superstitious Beliefs,미신
civic_syncretic_evolution,Syncretic Evolution,혼합 진화
civic_syncretic_evolution_secondary_species,Syncretic Species,혼합 종족
civic_tankbound,Tankbound,용기 결속
civic_tankbound_corporate,Corporate Thinktank,기업 싱크탱크
civic_task_delegation_corporate,Precision Cogs,정밀한 톱니바퀴
civic_technocracy,Technocracy,기술관료제
civic_the_wheel,The Wheel,수레바퀴
civic_toxic_baths_individual_machine,Lubrication Tanks,윤활 탱크
civic_trading_conglomerate,Trading Conglomerate,무역 복합 기업
civic_trading_posts,Trading Posts,교역소
civic_twisted_experimenters,Experimental Sentencing,실험적 판결
civic_twisted_experimenters_corporate,Judicial R&D,사법적 연구 개발
civic_twisted_experimenters_hive_mind,Corrective Consciousness,의식 교정
civic_unstable_drones,Unstable Drones,불안정한 드론
civic_void_hive,Void Hive,공허 군체
civic_warrior_culture,Warrior Culture,전사 문화
civic_wilderness_ascensionists,Elevational Desires,발전을 향한 열망
civic_wilderness_cordyceptic_drones,Cordyceptic Symbionts,기생 진균 공생체
civic_wilderness_upkeep_twister,Autonomous Symbionts,자율 공생체
civic_worker_coop,Worker Cooperative,노동자 협동조합
civic_world_forgers,Planet Forgers,행성 제련사
councilor_agrarian_idyll,Elder Farmer,장로 농부
councilor_aristocratic_elite,Lord Steward,집사장
councilor_aristocratic_elite_female,Lady Steward,집사장
councilor_ascensionists,Minister of Ascension,승격부 장관
councilor_astrometeorology,Prime Forecaster,수석 예보관
councilor_astrometeorology_megacorp,Chief Executive Forecaster,최고 예보 책임관
councilor_augmentation_bazaars,Implant Impresario,삽입물 책임자
councilor_barbaric_despoilers,Labor Intendant,근로 감독관
councilor_beacon_of_liberty,Protector of Liberty,자유 보호자
councilor_beastmasters,Beastlord,비스트로드
councilor_brand_loyalty,Brand Manager,브랜드 관리자
councilor_byzantine_bureaucracy,Administrative Coordinator,행정 총괄
councilor_catalytic_processing,Principal Catalyst,제1 촉매
councilor_chief_medium,Chief Medium,최고 영매사
councilor_chosen,Shroudspeaker,장막 대변인
councilor_chosen_corporate,Grand Preacher,대설교자
councilor_citizen_service,Chief of Service,참모총장
councilor_civic_guided_sapience,Master of Guidance,최고 인도자
councilor_civic_guided_sapience_corperate,Director of Guidance,인도부 이사
councilor_corporate_anglers,Chief Marine Officer,최고 해양 책임자
councilor_corporate_ascensionists,Chief Ascension Officer,최고 승격 책임자
councilor_corporate_beastmasters,Head Rancher,수석 목축업자
councilor_corporate_catalytic_processing,Chief Catalyst Officer,최고 촉매 책임자
councilor_corporate_crowdsourcing,Umpire of Ideas,아이디어 평가관
councilor_corporate_dominion,Chief Trade Officer,최고 무역 책임자
councilor_corporate_galactic_curators,Curation Officer,큐레이션 담당관
councilor_corporate_genetic_identification,Sequence Broker,염기 서열 브로커
councilor_corporate_hedonism,Chief Morale Officer,최고 동기 부여 책임자
councilor_corporate_imbuement_officer,Mimetic Agency Officer,의태 대행 책임자
councilor_corporate_toxic_baths,Mutagenic Aesthetician,변이 유발 미용사
councilor_corporate_toxic_baths_individual_machine,Terminal Overseer,단말기 감독관
councilor_corvee_system,Employment Commissioner,고용국장
councilor_crafters,Master Crafter,제작 장인
councilor_criminal_heritage,Syndication Agency Officer,신디케이트 대행 책임자
councilor_crowdsourcing,Innovation Coordinator,혁신 총괄
councilor_crusader_spirit,Lord Commander,기사단장
councilor_crusader_spirit_corporate,Privateer Acquisition Officer,사략단 모집 책임자
councilor_crusader_spirit_female,Lady Commander,기사단장
councilor_curator_archivist,Curator Archivist,큐레이터 기록 관리관
councilor_cutthroat_politics,Prime Speaker,수석 대변인
councilor_dark_consortium,Shadow Weaver,그림자 직공
councilor_dark_consortium_corporate,Shadow Broker,그림자 중개인
councilor_death_cult,Apostle of Death,죽음의 사도
councilor_death_cult_corporate,Chief Executive Executioner,최고 처형 책임관
councilor_defense,Minister of Defense,국방부 장관
councilor_dimensional_worship,Astral Minister,아스트랄 장관
councilor_diplomatic_corps,High Ambassador,고위 대사관
councilor_distinguished_admiralty,Lord High Admiral,해군 최고 사령관
councilor_distinguished_admiralty_female,Lady High Admiral,해군 최고 사령관
councilor_dystopian_society,Primary Overseer,제1 감독관
councilor_eager_explorers,Minister of Exploration,탐사부 장관
councilor_efficient_bureaucracy,Superintendent,관리관
councilor_enclave_trader,Trader Liaison,무역상 연락 담당관
councilor_energy_curator,Energy Curator,에너지 큐레이터
councilor_environmental_architects,First Planetscaper,일등 행성 조경사
councilor_environmental_architects_megacorp,Chief Geoscaping Officer,최고 지질 조경 책임자
councilor_environmentalist,First Warden,제1 관리원
councilor_exalted_priesthood,Archpriest,최고 사제
councilor_executive_astrologist,Executive Astrologist,최고 점성가
councilor_executive_thrall_manager,Executive Thrall Manager,총괄 노예 관리자
councilor_executive_vessel,Executive Vessel,경영 관리 유닛
councilor_experimentation_overseer,Experimentation Overseer,실험 감독관
councilor_franchising,Franchise Development Officer,프랜차이즈 개발 책임자
councilor_free_haven,Integration Facilitator,통합 장려관
councilor_functional_architecture,Master Architect,건축 장인
councilor_galactic_curators,Supreme Curator,최고 큐레이터
councilor_genetic_identification,Indexor,등록관
councilor_gestalt_cognitive,Cognitive Node,인지 노드
councilor_gestalt_growth,Growth Node,성장 노드
councilor_gestalt_legion,Legion Node,군단 노드
councilor_gestalt_regulatory,Regulatory Node,규제 노드
councilor_gospel_of_the_masses,Executive High Priest,집행 대사제
councilor_grand_vessel,Grand Vessel,최고 감독 유닛
councilor_harmony,Councilor Harmony,조화로운 평의원
councilor_head_of_education,Head of Education,교육부 장관
councilor_head_treasure_hunter,Head Treasure Hunter,수석 보물 사냥꾼
councilor_heroic_tales,Grand Storyteller,위대한 이야기꾼
councilor_hyperspace_specialty,Hyperlane Supervisor,초공간 항로 감독관
councilor_idealistic_foundation,Tribune of Rights,권리 호민관
councilor_idyllic_bloom,Bloom Herald,만개의 전령
councilor_imbuement_officer,Mimetic Overseer,의태 감독관
councilor_imperial_cult,Prime Herald,수석 전령
councilor_indentured_assets,Assets Appropriation Officer,자산 책정 책임자
councilor_individual_machine_predictive_analysis,Methodology Lead Analyst,방법론 선임 분석가
councilor_individual_machine_replication,Replication Coordination Officer,복제 조율 담당관
councilor_individual_machine_warbots,Combat Logistician,전투 군수관
councilor_infernal_scorcher,Prime Scorcher,수석 추진자
councilor_machine_admiral,Extermination Directive,말살 지시
councilor_machine_general,Exploitation Directive,개발 지시
councilor_media_conglomerate,Chief Marketing Officer,최고 마케팅 책임자
councilor_memorialist,High Curator,고위 큐레이터
councilor_memory_vault_corporate,Dealer of Knowledge,지식 취급자
councilor_merchant_guilds,Director of Trade,무역국장
councilor_meritocracy,Principal Instructor,최고 교육자
councilor_mindwarden,Thought Warden,사고 파수꾼
councilor_mining_guilds,Chairman of Mines,광산 위원장
councilor_nationalistic_zeal,Standard Bearer,기수
councilor_natural_design,Grand Genomicist,대유전학자
councilor_naval_contractors,Naval Procurement Officer,해군 조달 장교
councilor_parliamentary_system,Speaker of Parliament,의회 의장
councilor_permanent_employment,Workforce Assignment Manager,인력 배정 관리자
councilor_philosopher_king,Lord Chancellor,상원 의장
councilor_philosopher_king_female,Lady Chancellor,상원 의장
councilor_pleasure_seekers,Minister of Extravagance,사치부 장관
councilor_pompous_purists,Grand Marshal,대원수
councilor_private_healthcare_corporate,Pharmaceutical Executive,제약 이사
councilor_private_military_companies,Public Security Chief,치안부장
councilor_private_prospectors,Expansion Coordinator,확장 총괄
councilor_privatized_exploration,Orbital Development Officer,궤도 개발 책임자
councilor_psionic_sovereign,Divine Conduit,신성한 도관
councilor_public_relations_specialists,Exopublic Relations Officer,대외 관계 책임자
councilor_pyromanic_priest,Pyromanic Priest,화염광 사제
councilor_reanimated_armies,Master Necromancer,고위 사령술사
councilor_relentless_industrialists,Chief Extraction Officer,최고 채굴 책임자
councilor_relentless_industrialists_female,Executive Extraction Officer,최고 채굴 책임자
councilor_research,Head of Research,연구부장
councilor_ruler,Ruler,통치자
councilor_ruthless_competition,Chief of Staff,비서실장
councilor_scavengers,Master Scrapper,고철주이 장인
councilor_secret_societies,Conspirator Liaison,비밀 담당관
councilor_secret_societies_corporate,Manipulator Liaison,조작 담당관
councilor_shadow_council,Shadow Councilor,그림자 평의원
councilor_shared_burden,Head Arbiter,수석 중재관
councilor_shroudwalker_teacher,Shroudwalker Teacher,장막을 걷는 자 스승
councilor_slaver_guilds,Labor Magistrate,노동 치안 판사
councilor_sovereign_guardianship,First Citadel,첫 번째 성채
councilor_sovereign_guardianship_corporate,Secretary of Defense,호국 장관
councilor_state,Minister of State,국무부 장관
councilor_synth_imbuement_officer,Mimetic Mainframe,의태 메인프레임
councilor_task_delegation_corporate,Chief Posting Officer,최고 배치 책임자
councilor_technocracy,Senior Science Director,선임 과학 이사
councilor_test_marketer,Test Marketer,테스트 마케터
councilor_thermal_engineer,Thermal Engineer,열 공학자
councilor_trading_posts,Trade Logistics Coordinator,무역 물류 총괄
councilor_warrior_culture,Arbiter of Duels,결투 중재자
crisis_behemoth_level_1_desc,Crisis Level 1,위기 단계 1
crisis_behemoth_level_2_desc,Crisis Level 2,위기 단계 2
crisis_behemoth_level_3_desc,Crisis Level 3,위기 단계 3
crisis_behemoth_level_4_desc,Crisis Level 4,위기 단계 4
crisis_behemoth_level_5_desc,Crisis Level 5,위기 단계 5
crisis_conduit_buff,Stellar Supervision,항성 감독
crisis_corvette,Menacing Corvette,위협적인 초계함
crisis_corvette_plural,Menacing Corvettes,위협적인 초계함
crisis_cruiser,Menacing Cruiser,위협적인 순양함
crisis_cruiser_plural,Menacing Cruisers,위협적인 순양함
crisis_dark_matter_cap,Crisis Empire,위기 제국
crisis_destroyer,Menacing Destroyer,위협적인 구축함
crisis_destroyer_plural,Menacing Destroyers,위협적인 구축함
crisis_empire_base,Crisis,위기
crisis_level_reached,Crisis Level potential,위기 단계 잠재력
crisis_mean_conquer_colony_name,Conquer a colony,식민지 정복
crisis_mean_destroy_empire_name,Destroy an empire,제국 파괴
crisis_mean_destroy_starbase_name,Destroy a starbase,항성 기지 파괴
crisis_path_deception_name,Path of Deception,기만의 길
crisis_path_destruction_name,Path of Destruction,파괴의 길
crisis_path_supremacy_name,Path of Supremacy,우월의 길
crisis_perk,Crisis Perk,위기 특전
crisis_perk_active_effect,Active Effect:,활성 효과:
crisis_perk_passive_effect,Passive Effect:,지속 효과:
crisis_perk_plural,Crisis Perks,위기 특전
crisis_perk_to_unlock,To Unlock:,잠금 해제 조건:
crisis_perks_deception_dance_puppets_title,"Dance, Puppets!","춤춰라, 꼭두각시들아!"
crisis_perks_deception_shadowplay_title,Shadowplay,그림자 연극
crisis_perks_supremacy_primus_inter_pares_title,Primus Inter Pares,동등한 자 중 제1인자
crisis_perks_supremacy_privateering_title,Privateering,사략 활동
crisis_perks_supremacy_support_is_mandatory_title,Support is Mandatory,지원은 의무
crisis_research_1,Research Mobilization,연구 동원
crisis_research_2,Suspended Ethical Protocols,윤리 프로토콜 중단
crisis_sphere_0,Aetherophasic Engine Frame,에테르페이직 엔진 골조
crisis_sphere_1,Partial Aetherophasic Engine,에테르페이직 엔진 일부
crisis_sphere_4,Aetherophasic Engine,에테르페이직 엔진
crisis_star_eater,Star-Eater,스타 이터
crisis_star_eater_plural,Star-Eaters,스타 이터
crisis_studied,Skrand Crisis Insight,스크랜드 위기 통찰
crisis_thermophile_adaptation,Thermophilic Adaptation,호열성 적응
decision_abolish_gestation_colony,Abolish Gestation World,육성 행성 해제
decision_abolish_penal_colony,Abolish Penal Colony,형벌 식민지 해제
decision_abolish_resort_colony,Abolish Planetary Resort,리조트 행성 해제
decision_abolish_slave_colony,Abolish Thrall-World,노예 행성 해제
decision_arcology_project_relic,Restore Ecumenopolis,도시 행성 복구
decision_art_monument,Exhibit Art Monument,예술 기념물 전시
decision_artifact_relays_hivemind,Incorporate Artifact Relays,유물 중계기 통합
decision_banish,Banish,추방
decision_baol_life_seed,Nu-Baol Life-Seeding,누-바올 생명 파종
decision_baol_life_seed_enhance,Nu-Baol Life-Enhancing,누-바올 생명 강화
decision_blazing_scourge,Blazing Scourge,타오르는 재앙
decision_bleak_planet,Soil Rehabilitation,토양 복원
decision_boost_market_nomination,Boost Nomination Bid,후보 등록 노력 강화
decision_breed_rockworm_hive,Rockworm Hive,바위벌레 둥지
decision_build_dayside_farm,Day Farm Construction,태양광 발전소 건설
decision_cease_psi_inoculate_pops,Cease Psi-Inoculation,사이오닉 주입 중단
decision_consecrate_habitat_knights,Consecrate Habitat,거주지 축성
decision_consecrated_worlds,Consecrate World,축성 행성
decision_crystalline_architecture,Crystalline Construction,크리스탈 건설
decision_crystalline_refugees,Settle Crystalline Refugees,크리스탈 결정체 난민 정착
decision_cultivated_worldscaping,Cultivated Worldscaping,행성 조경 조성
decision_dangerous_wildlife,Hostile Fauna Removal,적대적 동물군 제거
decision_demolish_art_monument,Remove Art Monument,예술 기념물 철거
decision_deploy_beholder,Deploy Murmuring Monolith,속삭이는 거상 전개
decision_discourage_growth,Discourage Planetary Growth,행성 성장 억제
decision_display_microplanet_husk,Display Microplanet Husk,극소 행성 잔해 전시
decision_divine_algorithm,Implement Divine Algorithm,신성 알고리즘 실행
decision_divine_deposits,Divine for Deposits,매장지 탐색
decision_dreamscaping,Dreamscaping,꿈 조경
decision_enact_population_control,Declare Population Controls,인구 통제 선포
decision_enact_population_control_gestalt,Cease Drone Production,드론 생산 중단
decision_enact_robot_assembly_control,Cease Robot Assembly,로봇 조립 중단
decision_end_anticrime_campaign,End Anti-Crime Campaign,범죄 예방 캠페인 중단
decision_end_discourage_growth,End Growth Discouragement,성장 억제 중단
decision_end_martial_law,End Martial Law,계엄령 해제
decision_end_martial_law_hive,Recall Hunter-Killer Drones,추적 말살 드론 회수
decision_end_martial_law_machine,End Compliance Protocols,순응 프로토콜 해제
decision_end_population_control,End Population Controls,인구 통제 해제
decision_end_population_control_gestalt,Continue Drone Production,드론 생산 재개
decision_end_robot_assembly_control,Resume Robot Assembly,로봇 조립 재개
decision_entrap_shroud_entity,Entrap Shroud Entity,장막의 존재 포획
decision_expand_dayside,Expand Dayside Infrastructure,태양 면 기반 시설 확충
decision_expand_planetary_sea,Expand Planetary Sea,행성의 바다 확장
decision_expand_preserves,Expand Preservers,보호 구역 확장
decision_expel_population,Expel Excess Population,과잉 인구 추방
decision_flood_habitat,Flood Habitat,거주지 침수
decision_fractal_seed,Fractal Seed,프랙털 씨앗
decision_geologist_prospect,Geologist Resource Survey,지리학자 자원 탐사
decision_gestation_colony,Create Gestation World,육성 행성 생성
decision_gh_life_seeding,Life Seeding,생명 파종
decision_hunker_down,Hunker Down,대비 태세
decision_incubate_wind_creatures,Incubate Wind Creatures,바람 종족 육성하기
decision_introduce_chaos,Introduce Chaos,혼란 선동
decision_launch_anticrime_campaign,Launch Anti-Crime Campaign,범죄 예방 캠페인 시행
decision_lithoid_swarm_consume_world,Consume World,행성 포식
decision_machine_oracle,Activate Oracle Nexus,예언자 연결체 활성화
decision_make_holy_world,Hallow Planet,성지 행성
decision_manager_awards,Initiate Performance Competition,실적 경쟁 시작
decision_martial_law,Declare Martial Law,계엄령 선포
decision_martial_law_hive,Deploy Hunter-Killer Drones,추적 말살 드론 배치
decision_martial_law_machine,Activate Compliance Protocols,순응 프로토콜 발동
decision_nanotech_swarm_consume_world,Subsume World,행성 포합
decision_naturalist_prospect,Naturalist Resource Survey,박물학자 자원 탐사
decision_open_shroud_rift,Pierce the Shroud,장막 균열 생성
decision_paragon_origin_subdue_reformists,Anti Reformist Raids,개혁파 급습
decision_penal_colony,Create Penal Colony,형벌 식민지 생성
decision_planet_food_boost,Encourage Planetary Growth,행성 성장 촉진
decision_planet_luxuries_boost,Distribute Luxury Goods,사치품 분배
decision_planetary_workshift,Enforce Planetary Workshifts,행성 교대 근무령 시행
decision_prismatic_ice_exhibit,Prismatic Ice Exhibit,무지갯빛 빙하 전시회
decision_prospect,Planetary Prospecting,행성 탐사
decision_prospect_void,Orbital Surveying,궤도 탐사
decision_psi_inoculate_pops,Begin Psi-Inoculation,사이오닉 주입 시작
decision_rebuild_genesis_preserve,Build Genesis Preserve,창조 보호 구역 건설
decision_reduce_server_load,Reduce Server Load,서버 부하 완화
decision_remove_wreckage,Remove Wreckage,잔해 제거
decision_reorganize_leviathan_parade,Relocate the Parade,행진 이전
decision_resort_colony,Create Resort World,리조트 행성 생성
decision_revoke_market_nomination,Revoke Nomination,후보 등록 취소
decision_server_shut_down,Server Shut Down,서버 가동 중단
decision_shattered_ring_project_interloper,Remove the Interloper,침입자 제거
decision_slave_colony,Create Thrall-World,노예 행성 생성
decision_strip_mining,Strip Mining,노천 채굴
decision_stripmine_planet,Strip Mine Planet,노천 광산 행성
decision_thought_police,Thought Police,사고 경찰
decision_tidal_lock_planet,Intentional Tidal Locking,고의적 동주기 자전
decision_toxify_world,Toxify World,행성 독성화
decision_unconsecrated_worlds,Unconsecrate World,행성 축성 해제
decision_uproot_weed,Uproot Weeds,잡초 뽑기
decision_wilderness_expand,Expand Planet Size,행성 크기 확장
deposit_blockers,Blockers,차단물
deposit_blockers_natural,Naturally Occurring Blockers,천연 차단물
district_arcology_administrative,Administrative Arcology,행정 아콜로지
district_arcology_administrative_plural,Administrative Arcologies,행정 아콜로지
district_arcology_arms_industry,Foundry Arcology,주조 아콜로지
district_arcology_arms_industry_plural,Foundry Arcologies,주조 아콜로지
district_arcology_civilian_industry,Factory Arcology,공장 아콜로지
district_arcology_civilian_industry_plural,Factory Arcologies,공장 아콜로지
district_arcology_fortress,Fortress Arcology,요새 아콜로지
district_arcology_fortress_plural,Fortress Arcologies,요새 아콜로지
district_arcology_housing,Residential Arcology,거주 아콜로지
district_arcology_housing_plural,Residential Arcologies,거주 아콜로지
district_arcology_leisure,Leisure Arcology,휴양 아콜로지
district_arcology_leisure_plural,Leisure Arcologies,휴양 아콜로지
district_arcology_mixed_industry,Industrial Arcology,산업 아콜로지
district_arcology_mixed_industry_plural,Industrial Arcologies,산업 아콜로지
district_arcology_name,Unallocated Towers,미할당 탑
district_arcology_organic_housing,Sanctuary Arcology,안식처 아콜로지
district_arcology_organic_housing_plural,Sanctuary Arcologies,안식처 아콜로지
district_arcology_research,Research Arcology,연구 아콜로지
district_arcology_research_engineering,Engineering Arcology,공학 아콜로지
district_arcology_research_engineering_plural,Engineering Arcologies,공학 아콜로지
district_arcology_research_physics,Physics Arcology,물리학 아콜로지
district_arcology_research_physics_plural,Physics Arcologies,물리학 아콜로지
district_arcology_research_plural,Research Arcologies,연구 아콜로지
district_arcology_research_society,Biology Arcology,생물학 아콜로지
district_arcology_research_society_plural,Biology Arcologies,생물학 아콜로지
district_arcology_spiritualist,Ecclesiastical Arcology,종교 아콜로지
district_arcology_spiritualist_plural,Ecclesiastical Arcologies,종교 아콜로지
district_arcology_trade,Commercial Arcology,상업 아콜로지
district_arcology_trade_plural,Commercial Arcologies,상업 아콜로지
district_arcology_urban_1,Unspecialized Arcology,비특성화 아콜로지
district_arcology_urban_1_plural,Unspecialized Arcologies,비특성화 아콜로지
district_battle_thrall,Battle Thrall District,전투 노예 지구
district_battle_thrall_plural,Battle Thrall Districts,전투 노예 지구
district_city,City District,도시 지구
district_city_plural,City Districts,도시 지구
district_cosmogenesis_goverment_plural,Synaptic Processing Units,시냅스 처리 장치
district_cosmogenesis_world_logic,Ampliative Speculator,확장형 추측기
district_cosmogenesis_world_logic_plural,Ampliative Speculators,확장형 추측기
district_cosmogenesis_world_science,Neural Gate,신경 게이트
district_cosmogenesis_world_science_plural,Neural Gates,신경 게이트
district_craglands,Communal Biome,동반 생물군계
district_craglands_plural,Communal Biomes,동반 생물군계
district_crashed_slaver_ship,Scavenger Site,고철 수거지
district_crashed_slaver_ship_plural,Scavenger Sites,고철 수거지
district_farming,Agriculture District,농업 지구
district_farming_plural,Agriculture Districts,농업 지구
district_generator,Generator District,발전 지구
district_generator_plural,Generator Districts,발전 지구
district_geothermal,Geothermal Powerplant,지열 발전소
district_geothermal_plural,Geothermal Powerplants,지열 발전소
district_hab_commercial,Trade District,무역 지구
district_hab_commercial_plural,Trade Districts,무역 지구
district_hab_cultural_plural,Leisure Districts,휴양 지구
district_hab_energy,Reactor District,반응로 지구
district_hab_energy_plural,Reactor Districts,반응로 지구
district_hab_housing,Habitation District,거주지 지구
district_hab_housing_plural,Habitation Districts,거주지 지구
district_hab_industrial,Industrial District,산업 지구
district_hab_industrial_plural,Industrial Districts,산업 지구
district_hab_mining_plural,Astro-Mining Bays,우주 채굴소
district_hab_science,Research District,연구 지구
district_hab_science_plural,Research Districts,연구 지구
district_hive,Hive Cluster,군체 군집
district_hive_1,Unspecialized Cluster,비특성화 군집
district_hive_1_plural,Unspecialized Clusters,비특성화 군집
district_hive_administrative,Synapse Cluster,연접 군집
district_hive_administrative_plural,Synapse Clusters,연접 군집
district_hive_energy,Generator Cluster,발전 군집
district_hive_energy_plural,Generator Clusters,발전 군집
district_hive_factory,Factory Cluster,공장 군집
district_hive_factory_plural,Factory Clusters,공장 군집
district_hive_food,Agricultural Cluster,농업 군집
district_hive_food_plural,Agricultural Clusters,농업 군집
district_hive_fortress,Fortress Cluster,요새 군집
district_hive_fortress_plural,Fortress Clusters,요새 군집
district_hive_foundry,Foundry Cluster,주조 군집
district_hive_foundry_plural,Foundry Clusters,주조 군집
district_hive_industrial,Industrial Cluster,산업 군집
district_hive_industrial_plural,Industrial Clusters,산업 군집
district_hive_mining,Mining Cluster,채굴 군집
district_hive_mining_plural,Mining Clusters,채굴 군집
district_hive_plural,Hive Clusters,군체 군집
district_hive_research,Research Cluster,연구 군집
district_hive_research_engineering,Engineering Cluster,공학 군집
district_hive_research_engineering_plural,Engineering Clusters,공학 군집
district_hive_research_physics,Physics Cluster,물리학 군집
district_hive_research_physics_plural,Physics Clusters,물리학 군집
district_hive_research_plural,Research Clusters,연구 군집
district_hive_research_society,Biology Cluster,생물학 군집
district_hive_research_society_plural,Biology Clusters,생물학 군집
district_hive_spawning,Spawning Cluster,산란 군집
district_hive_spawning_plural,Spawning Clusters,산란 군집
district_hive_trade,Logistics Cluster,물류 군집
district_hive_trade_plural,Logistics Clusters,물류 군집
district_hollow_mountains,Hollow Mountain,텅 빈 산
district_hollow_mountains_plural,Hollow Mountains,텅 빈 산
district_machine_coordination,Coordination District,조정 지구
district_machine_coordination_plural,Coordination Districts,조정 지구
district_melting,Magma Conduit,마그마 도관
district_melting_plural,Magma Conduits,마그마 도관
district_mindlink,Mindlink Metropolis,정신 연결 메트로폴리스
district_mining,Mining District,채굴 지구
district_mining_plural,Mining Districts,채굴 지구
district_nexus,Central Nexus,중앙 연결체
district_nexus_1,Unspecialized Nexus,비특성화 연결체
district_nexus_1_plural,Unspecialized Nexuses,비특성화 연결체
district_nexus_administrative,Coordination Nexus,조정 연결체
district_nexus_administrative_plural,Coordination Nexuses,조정 연결체
district_nexus_energy,Generator Nexus,발전 연결체
district_nexus_energy_plural,Generator Nexuses,발전 연결체
district_nexus_exotic_gases,Agricultural Nexus,농업 연결체
district_nexus_exotic_gases_plural,Agricultural Nexuses,농업 연결체
district_nexus_factory,Factory Nexus,공장 연결체
district_nexus_factory_plural,Factory Nexuses,공장 연결체
district_nexus_fortress,Fortress Nexus,요새 연결체
district_nexus_fortress_plural,Fortress Nexuses,요새 연결체
district_nexus_foundry,Foundry Nexus,주조 연결체
district_nexus_foundry_plural,Foundry Nexuses,주조 연결체
district_nexus_industrial,Industrial Nexus,산업 연결체
district_nexus_industrial_plural,Industrial Nexuses,산업 연결체
district_nexus_mining,Mining Nexus,채굴 연결체
district_nexus_mining_plural,Mining Nexuses,채굴 연결체
district_nexus_name,Awaiting Assignment,배정 대기 중
district_nexus_organic_housing,Sanctuary Nexus,보호처 연결체
district_nexus_organic_housing_plural,Sanctuary Nexuses,안식처 연결체
district_nexus_plural,Central Nexuses,중앙 연결체
district_nexus_research,Research Nexus,연구 연결체
district_nexus_research_engineering,Engineering Nexus,공학 연결체
district_nexus_research_engineering_plural,Engineering Nexuses,공학 연결체
district_nexus_research_physics,Physics Nexus,물리학 연결체
district_nexus_research_physics_plural,Physics Nexuses,물리학 연결체
district_nexus_research_plural,Research Nexuses,연구 연결체
district_nexus_research_society,Biology Nexus,생물학 연결체
district_nexus_research_society_plural,Biology Nexuses,생물학 연결체
district_nexus_spiritualist,Ecclesiastical Nexus,종교 연결체
district_nexus_spiritualist_plural,Ecclesiastical Nexuses,종교 연결체
district_nexus_trade,Logistics Nexus,물류 연결체
district_nexus_trade_plural,Logistics Nexuses,물류 연결체
district_orchard_forests,Orchard Forest,과수원 숲
district_orchard_forests_plural,Orchard Forests,과수원 숲
district_orders_demesne,Order's Demesne,기사단의 영지
district_orders_demesne_plural,Order's Demesnes,기사단의 영지
district_photosynthesis_fields,Photosynthesis Field,광합성 지대
district_photosynthesis_fields_plural,Photosynthesis Fields,광합성 지대
district_polytechnic,Thermotechnic Forum,열 기술 포럼
district_polytechnic_plural,Thermotechnic Forums,열 기술 포럼
district_prison,Prison District,교정 지구
district_prison_industrial,Prison Industrial District,교정 산업 지구
district_prison_industrial_plural,Prison Industrial Districts,교정 산업 지구
district_prison_plural,Prison Districts,교정 지구
district_resort,Accommodation District,숙박 지구
district_resort_1,Attraction Districts,오락 지구
district_resort_plural,Accommodation Districts,숙박 지구
district_ring_world_administrative,Administrative Segment,행정 구간
district_ring_world_administrative_plural,Administrative Segments,행정 구간
district_ring_world_energy,Generator Segment,발전기 구간
district_ring_world_energy_plural,Generator Segments,발전기 구간
district_ring_world_factory,Factory Segment,공장 구간
district_ring_world_factory_plural,Factory Segments,공장 구간
district_ring_world_food,Agricultural Segment,농업 구간
district_ring_world_food_plural,Agricultural Segments,농업 구간
district_ring_world_fortress,Fortress Segment,요새 구간
district_ring_world_fortress_plural,Fortress Segments,요새 구간
district_ring_world_foundry,Foundry Segment,주조 구간
district_ring_world_foundry_plural,Foundry Segments,주조 구간
district_ring_world_industrial,Industrial Segment,산업 구간
district_ring_world_industrial_plural,Industrial Segments,산업 구간
district_ring_world_organic_housing,Sanctuary Segment,안식처 구간
district_ring_world_organic_housing_plural,Sanctuary Segments,안식처 구간
district_ring_world_research,Research Segment,연구 구간
district_ring_world_research_engineering,Engineering Segment,공학 구간
district_ring_world_research_engineering_plural,Engineering Segments,공학 구간
district_ring_world_research_physics,Physics Segment,물리학 구간
district_ring_world_research_physics_plural,Physics Segments,물리학 구간
district_ring_world_research_plural,Research Segments,연구 구간
district_ring_world_research_society,Biology Segment,생물학 구간
district_ring_world_research_society_plural,Biology Segments,생물학 구간
district_ring_world_spiritualist,Ecclesiastical Segment,종교 구간
district_ring_world_spiritualist_plural,Ecclesiastical Segments,종교 구간
district_ring_world_trade,Commercial Segment,상업 구간
district_ring_world_trade_plural,Commercial Segments,상업 구간
district_rw_city,City Segment,도시 구간
district_rw_city_plural,City Segments,도시 구간
district_rw_hive,Hive Segment,군체 구간
district_rw_hive_plural,Hive Segments,군체 구간
district_rw_nexus,Nexus Segment,연결체 구간
district_rw_nexus_plural,Nexus Segments,연결체 구간
district_rw_urban_1,Unspecialized Segment,비특성화 구간
district_rw_urban_1_plural,Unspecialized Segments,비특성화 구간
district_slave,Slave Domicile District,노예 거주 지구
district_slave_plural,Slave Domicile Districts,노예 거주 지구
edict_aggregated_memory,Aggregated Memory,취합 기억
edict_animatus,Animatus,생명 부여
edict_annihilation_of_energy,Annihilation of Energy,에너지 소멸
edict_annihilation_of_matter,Annihilation of Matter,물질 소멸
edict_astral_binding,Astral Binding,아스트랄 결합
edict_astral_cloaking,Astral Cloaking,아스트랄 은폐
edict_astral_shielding,Astral Shielding,아스트랄 보호막
edict_auto_hunker_down,Hunker Down Protocols,대비 태세 프로토콜
edict_automated_disinfection,Automated Disinfection,자동 소독
edict_baryonic_insight,Baryonic Insight,중입자 통찰
edict_battle_royale,Battle Royale,배틀 로얄
edict_beasts_burden,Beasts of Burden,동물 일꾼
edict_behemoth_alloys_augmentation,Behemoth Augmentation: Alloys,베헤모스 증강: 합금
edict_behemoth_nanite_augmentation,Behemoth Augmentation: Nanites,베헤모스 증강: 나노봇
edict_biological_overdrive,Biological Overdrive,생체 과부하
edict_bureau_of_espionage,Bureau of Espionage,첩보부
edict_capacity_overload,Capacity Overload,용량 과부하
edict_capacity_subsidies,Capacity Subsidies,에너지 보조금
edict_centrifugal_siphoning,Centrifugal Siphoning,원심 추출
edict_choral_harmony,Choral Harmony,합창의 화음
edict_clearing_motes,Volatile Land Clearance,폭발성 토지 제거
edict_covert_analysis_algorithm,Covert Analysis Algorithm,비밀 분석 알고리즘
edict_crack_the_whip,Crack The Whip,채찍질
edict_creature_welfare,Creature Welfare,동물 복지
edict_crystal_bounty,Crystal Bounty,크리스탈 전리품
edict_crystal_focus,Focusing Crystals,집중 크리스탈
edict_crystal_sonar,Crystal Sonar,크리스탈 음파 탐지기
edict_crystalline_sensors,Crystalline Sensors,크리스탈 감지기
edict_customer_insights,Customer Insights,소비자 조사
edict_cybernetic_creed_construction_edict,A Virtuous Hammering,의로운 망치
edict_cybernetic_creed_construction_labor,The Labored Masses,노동자 대중
edict_damn_the_consequences,Damn the Consequences,부작용 따윈 생각 말고
edict_dark_matter_forging,Dark Matter Forging,암흑 물질 주조
edict_dark_matter_unravelling,Dark Matter Unravelling,암흑 물질 방출
edict_decentralized_research,Decentralized Research,분산 연구
edict_declare_saint,Declare Saint,성인 추대
edict_defensive_instincts,Self-Preservation Instincts,자기 보존 본능
edict_dimensional_artificing,Dimensional Artificing,차원 강탈
edict_dimensional_collapse,Dimensional Collapse,차원 붕괴
edict_diplomatic_grants,Diplomatic Grants,외교 보조금
edict_drone_bounty,Drone Bounty,드론 전리품
edict_drone_campaign,Drone Campaign,드론 캠페인
edict_drone_overdrive,Drone Overdrive,드론 과부하
edict_drone_overdrive_wilderness,Symbiont Overdrive,공생체 가속화
edict_droning_optimizations,Droning Optimizations,드론 최적화
edict_education_campaign,Education Campaign,교육 캠페인
edict_encourage_free_thought,Encourage Political Thought,정치적 사고 장려
edict_energy_drain,Energy Drain,에너지 추출
edict_enhanced_surveillance,Enhanced Surveillance,감시 강화
edict_entropy_harnessing,Entropy Harnessing,엔트로피 활용
edict_evacuation_protocols,Evacuation Protocols,대피 프로토콜
edict_exotic_network,Exotic Neural Network,외계 신경망
edict_expanded_breeding_program,Expanded Breeding Program,사육 프로그램 확장
edict_extended_healthcare_coverage,Extended Healthcare Coverage,의료 혜택 확장
edict_extended_shifts,Extended Shifts,교대 근무 연장
edict_farming_subsidies,Farming Subsidies,농업 보조금
edict_fear_campaign,Fear Campaign,공포 캠페인
edict_fleet_supremacy,Fleet Supremacy,함대 지상주의
edict_forge_subsidies,Forge Subsidies,단조 보조금
edict_fortify_the_border,Fortify the Border,국경 강화
edict_galactic_dowsing,Galactic Dowsing,은하 탐지술
edict_greater_crystal_bounty,Greater Crystal Bounty,추가 크리스탈 전리품
edict_healthcare_campaign,Healthcare Campaign,보건 캠페인
edict_hive_hyper_stimulants,Hyper-Stimulants,초자극제
edict_hive_mega_construction,Integrated Mega-Construction,일체화 거대 구조물
edict_hive_mind_outreach,Hive Mind Outreach,군체 의식 범위 확장
edict_improved_work_environment,Improved Working Environment,노동 환경 개선
edict_industrial_maintenance,Industrial Maintenance,산업용 유지 보수
edict_industrial_subsidies,Industrial Subsidies,산업 보조금
edict_information_quarantine,Information Quarantine,정보 통제
edict_inner_focus,Inner Focus,내면의 집중
edict_land_of_opportunity,Land of Opportunity,기회의 땅
edict_learning_campaign,Learning Campaign,학습 캠페인
edict_legislative_chorus,Legislative Chorus,입법의 합창
edict_levied_experience,Levied Experience,경험 차출
edict_living_metal_construction,Living Metal Mega-Construction,생체 금속 거대 구조물
edict_love_letter_virus,Love Letter Virus,연애편지 바이러스
edict_machine_learning_campaign,Machine Learning Campaign,기계 학습 캠페인
edict_map_the_stars,Map the Stars,항성 지도 제작
edict_mining_subsidies,Mining Subsidies,채굴 보조금
edict_modular_growth_compounds,Modular Growth Compounds,모듈식 성장 화합물
edict_motes_armor,Volatile Reactive Armor,불안정 반응 장갑
edict_motes_explosives,Volatile Explosives,불안정 폭발물
edict_motes_kinetic,Volatile Ammunition,불안정 탄약
edict_nanite_actuators,Nanite Actuators,나노봇 작동기
edict_nanotech_alloy_augmentation,Coordinated Nanocomplexes,조정식 나노 단지
edict_nanotech_energy_augmentation,Nanoconnected Generators,나노 연결 발전기
edict_nanotech_naval_augmentation,Nano-operated Supply Chains,나노 운영 공급망
edict_neurocasted_spectacles,Neurocasted Spectacles,신경 송출
edict_nuumismatic_visualization,Numistic Visualization,누마 시각화 기법
edict_observation_instinct,Observation Instinct,관측 본능
edict_obsidian_veil,Obsidian Veil,흑요석 베일
edict_optimized_identity_creation,Optimized Identity Creation,인격 생성 최적화
edict_peace_festivals,Peace Festivals,평화 축제
edict_production_targets,Production Targets,생산 목표
edict_propaganda,Propaganda Broadcasts,선전 방송
edict_psychic_feast,Convergence of Will,의지의 융합
edict_recycling_campaign,Recycling Campaign,재활용 캠페인
edict_relay_network_amenities,Networked Amenities,연결망을 통한 편의
edict_relay_network_dummy,Networked Relays,연결된 중계기
edict_relay_network_movement,Networked Movement,연결망을 통한 이동
edict_relay_network_stability,Networked Dominance,연결망을 통한 지배
edict_renewable_energy,Improved Energy Initiative,에너지 계획 개선
edict_research_focus,Research Grants,연구 보조금
edict_research_subsidies,Research Subsidies,연구 보조금
edict_rolling_updates,Rolling Updates,정기 업데이트
edict_sacrifice_bounty,Sacrifice: Bounty,희생: 풍요
edict_sacrifice_dummy,Sacrifices,희생
edict_sacrifice_harmony,Sacrifice: Harmony,희생: 조화
edict_sacrifice_togetherness,Sacrifice: Togetherness,희생: 단결
edict_sanguine_council,Sanguine Council,피의 평의회
edict_sanguine_council_machine,Nexus Charge,충전 연결체
edict_self_indictment_protocol,Self-Indictment Protocol,자기 기소 프로토콜
edict_self_preservation_override,Self-Preservation Override,자기 보존 본능 차단
edict_shadow_matrix,Shadow Matrix,그림자 매트릭스
edict_share_the_burden,Share the Burden,고통 분담
edict_shroud_bonded,Shroud-Bonded,장막의 결속
edict_sight_beyond_sight,Sight Beyond Sight,시야 너머의 시야
edict_social_welfare_programs,Social Welfare Programs,사회 복지 프로그램
edict_space_fauna_exhibition,Space Fauna Exhibition,우주 동물 전시회
edict_spontaneous_crystallization,Spontaneous Crystallization,자연 크리스탈화
edict_stately_acclaim,Stately Acclaim,국가의 인정
edict_storm_attraction_field,Storm Attraction Field,폭풍 유인 역장
edict_storm_repel_field,Storm Repulsion Field,폭풍 차단 역장
edict_subsidized_identity_backups,Subsidized Identity Backups,인격 백업 지원
edict_super_sensors,Extensive Sensor Searches,광범위 감지 탐색
edict_synaptic_reinforcement,Synaptic Reinforcement,시냅스 강화
edict_terraforming_gas,Terraforming Gases,테라포밍 가스
edict_tracking_implants,Tracking Implants,삽입물 추적
edict_veneration_of_saints,Veneration of Saints,성자 경배
edict_war_drone_campaign,War Drone Campaign,전투 드론 캠페인
edict_war_drone_campaign_wilderness,War Symbiote Campaign,전투 공생체 원정
edict_will_of_distraction,Will of Distraction,방해의 의지
edict_will_of_endless,Will of Endless,무한의 의지
edict_will_of_motion,Will of Motion,움직임의 의지
edict_will_of_order,Will of Order,질서의 의지
edict_will_of_rebirth,Will of Rebirth,재탄생의 의지
edict_will_of_temperance,Will of Temperance,절제의 의지
edict_zro_catalysis_utopia,Zro Catalysis,즈로 촉매
edict_zro_crystal,Zro Additives,즈로 첨가제
edict_zro_observators,Shroud Observation,장막 관측
ethic_authoritarian,Authoritarian,권위주의
ethic_egalitarian,Egalitarian,평등주의
ethic_egalitarian_appreciation_friendly_0,Together we stand!,우리는 함께입니다!
ethic_fanatic_authoritarian,Fanatic Authoritarian,광적인 권위주의
ethic_fanatic_egalitarian,Fanatic Egalitarian,광적인 평등주의
ethic_fanatic_materialist,Fanatic Materialist,광적인 물질주의
ethic_fanatic_militarist,Fanatic Militarist,광적인 군국주의
ethic_fanatic_pacifist,Fanatic Pacifist,광적인 평화주의
ethic_fanatic_spiritualist,Fanatic Spiritualist,광적인 정신주의
ethic_fanatic_xenophile,Fanatic Xenophile,광적인 외계종 선호
ethic_fanatic_xenophobe,Fanatic Xenophobe,광적인 외계종 혐오
ethic_gestalt_consciousness,Gestalt Consciousness,게슈탈트 의식
ethic_hivemind_appreciation_friendly,One of us.,우리와 하나가 되십시오.
ethic_machine_intelligence_consequence_hostile_0,Execute: countermeasure_protocol_v2.1,실행: 대응책_프로토콜_v2.1
ethic_materialist,Materialist,물질주의
ethic_militarist,Militarist,군국주의
ethic_neutral,Neutral,중립
ethic_pacifist,Pacifist,평화주의
ethic_pacifist_appreciation_friendly_0,Peace will come.,평화가 찾아올 겁니다.
ethic_spiritualist,Spiritualist,정신주의
ethic_spiritualist_request_friendly_1,We shall overcome.,우리는 극복할 것입니다.
ethic_xenophile,Xenophile,외계종 선호
ethic_xenophobe,Xenophobe,외계종 혐오
federation_acceptance_crisis,Ongoing Crisis,진행 중인 위기
federation_acceptance_generally_positive,Is generally positive,일반적으로 긍정적임
federation_acceptance_has_no_subjects,Has no Subjects,종속국이 없음
federation_acceptance_has_subjects,Has Subjects,종속국이 있음
federation_acceptance_hegemony,Hegemony Federation Type,패권 연방 유형
federation_acceptance_leader_would_lose,Would lose Presidency,의장직을 상실할 것임
federation_acceptance_poor_cohesion,Poor Cohesion,낮은 결속도
federation_acceptance_president,Is Federation President,연방 의장임
federation_acceptance_research,Technologically Superior,기술적 우월함
federation_acceptance_stronger,Is too powerful,너무 강력함
federation_acceptance_subject,Is a Subject,종속국임
federation_acceptance_weaker,Is less powerful,강력함이 부족함
federation_build_fleets_everyone,Everyone,모두
federation_build_fleets_only_leader,Only Leader,지도자
federation_fire_rate_1,Offensive Spirit,공격 정신
federation_fleet_size_1,Officer Exchange,장교 교류
federation_fleet_size_2,Logistical Standardization,병참 표준화
federation_fleet_size_3,Interstellar Signal Corps,성간 통신대
federation_fleet_speed_1,Interior Lines,내선
federation_fleet_unity_1,Unifying Might,통합의 힘
federation_hegemony_monument,Federation Monument,연방 기념물
federation_law_category_centralization_cooldown,Law Cooldown,법률 쿨다운
federation_leader_scaled_modifier,Federation Fleet Capacity,연방 함대 수용력
federation_militarist_ideology,Federation Ideological Diffusion,연방 이념 확산
federation_tax,Federation Taxes,연방세
government_NAME,Government,정부
job_agri_drone,Agri-Drone,농업용 드론
job_agri_drone_plural,Agri-Drones,농업용 드론
job_aid_worker,Aid Worker,원조 담당관
job_aid_worker_plural,Aid Workers,원조 담당관
job_alien_hunter,Alien Hunter,외계종 사냥꾼
job_alien_hunter_plural,Alien Hunters,외계종 사냥꾼
job_alloy_drone,Foundry Drone,주조 드론
job_alloy_drone_plural,Foundry Drones,주조 드론
job_angler,Angler,낚시꾼
job_animal_handler,Animal Handler,조련사
job_animal_handler_plural,Animal Handlers,조련사
job_archaeo_drone,Archaeo-Engineering Drone,고대기술 공학 드론
job_archaeo_drone_plural,Archaeo-Engineering Drones,고대기술 공학 드론
job_archaeo_unit,Archaeo-Engineering Unit,고대기술 공학 유닛
job_archaeo_unit_plural,Archaeo-Engineering Units,고대기술 공학 유닛
job_archaeoengineers,Archaeo-Engineer,고대기술 공학자
job_artificer,Artificer,숙련공
job_artificer_plural,Artificers,숙련공
job_artificer_prison_worker,Penal Artificer,숙련공 노역수
job_artificer_prison_worker_plural,Penal Artificers,숙련공 노역수
job_artisan,Artisan,직공
job_artisan_drone,Artisan Drone,직공 드론
job_artisan_drone_plural,Artisan Drones,직공 드론
job_artisan_plural,Artisans,직공
job_artisan_prison_worker,Penal Artisan,직공 노역수
job_artisan_prison_worker_plural,Penal Artisans,직공 노역수
job_ashbroker,Ashbroker,재 중개인
job_ashbroker_plural,Ashbrokers,재 중개인
job_assimilation,Undergoing Assimilation,동화 진행 중
job_astral_drone,Astral Drone,아스트랄 드론
job_astral_drone_plural,Astral Drones,아스트랄 드론
job_astral_meteorologist,Astral-Meteorologist,아스트랄 기상학자
job_astral_meteorologist_plural,Astral-Meteorologists,아스트랄 기상학자
job_astral_researcher,Astral Researcher,아스트랄 연구원
job_astral_researcher_plural,Astral Researchers,아스트랄 연구원
job_astral_unit,Astral Unit,아스트랄 유닛
job_astral_unit_plural,Astral Units,아스트랄 유닛
job_astrogarbage_collector,Astrogarbage Collector,우주 폐기물 수거원
job_astrogarbage_collector_gestalt,Astrogarbage Drone,우주 폐기물 수거 드론
job_astrogarbage_collector_gestalt_plural,Astrogarbage Drones,우주 폐기물 수거 드론
job_astrogarbage_collector_plural,Astrogarbage Collectors,우주 폐기물 수거원
job_astrometeorologist,Astrometeorologist,우주 기상학자
job_astrometeorologist_plural,Astrometeorologists,우주 기상학자
job_augmentation_merchant,Augmentation Merchant,증강물 상인
job_augmentation_merchant_plural,Augmentation Merchants,증강물 상인
job_augmentor,Augmentor,증강 담당
job_augmentor_drone,Augmentor Drone,증강 담당 드론
job_augmentor_drone_plural,Augmentor Drones,증강 담당 드론
job_augmentor_plural,Augmentors,증강 담당
job_bath_attendant,Spa Attendant,스파 종업원
job_bath_attendant_hive,Permutation Attendance Drone,치환 근무 드론
job_bath_attendant_hive_plural,Permutation Attendance Drones,치환 근무 드론
job_bath_attendant_individual_machine,Lubrication Terminal,윤활 단말기
job_bath_attendant_individual_machine_plural,Lubrication Terminals,윤활 단말기
job_bath_attendant_plural,Spa Attendants,스파 종업원
job_battle_thrall,Battle Thrall,전투 노예
job_battle_thrall_plural,Battle Thralls,전투 노예
job_beastfighter,Beastfighter,비스트파이터
job_beastfighter_plural,Beastfighters,비스트파이터
job_bio_trophy_plural,Bio-Trophies,생체 트로피
job_biologist,Biologist,생물학자
job_biologist_plural,Biologists,생물학자
job_blazewright,Blazewright,화염장인
job_blazewright_plural,Blazewrights,화염장인
job_blazing_harbinger,Blazing Harbinger,불타는 전령
job_blazing_harbinger_plural,Blazing Harbingers,불타는 전령
job_bluelotus_drone,Transmuter Drone,변환 드론
job_bluelotus_drone_plural,Transmuter Drones,변환 드론
job_bluelotus_technician,Transmuter,변환가
job_bluelotus_technician_plural,Transmuters,변환가
job_brain_drone,Brain Drone,두뇌 드론
job_brain_drone_biologist,Biology Brain Drone,생물학 두뇌 드론
job_brain_drone_biologist_plural,Biology Brain Drones,생물학 두뇌 드론
job_brain_drone_engineer,Engineering Brain Drone,공학 두뇌 드론
job_brain_drone_engineer_plural,Engineering Brain Drones,공학 두뇌 드론
job_brain_drone_physicist,Physics Brain Drone,물리학 두뇌 드론
job_brain_drone_physicist_plural,Physics Brain Drones,물리학 두뇌 드론
job_brain_drone_plural,Brain Drones,두뇌 드론
job_broken_shackles_scavenger,Scavenger,고철주이
job_broodsymbiont,Broodsymbiont,산란 공생체
job_broodsymbiont_plural,Broodsymbionts,산란 공생체
job_bureaucrat,Bureaucrat,관료
job_bureaucrat_plural,Bureaucrats,관료
job_calculator,Calculator,계산기
job_calculator_biologist,Biology Subroutine,생물학 서브루틴
job_calculator_biologist_plural,Biology Subroutines,생물학 서브루틴
job_calculator_engineer,Engineering Subroutine,공학 서브루틴
job_calculator_engineer_plural,Engineering Subroutines,공학 서브루틴
job_calculator_physicist,Physics Subroutine,물리학 서브루틴
job_calculator_physicist_plural,Physics Subroutines,물리학 서브루틴
job_calculator_plural,Calculators,계산기
job_captain,Captain,함장
job_catalytic_drone,Catalytic Drone,촉매 드론
job_catalytic_drone_plural,Catalytic Drones,촉매 드론
job_catalytic_technician,Catalytic Technician,촉매 기술자
job_catalytic_technician_plural,Catalytic Technicians,촉매 기술자
job_catalytic_technician_prison_worker,Penal Catalytic Technician,촉매 기술 노역수
job_catalytic_technician_prison_worker_plural,PenalCatalytic Technicians,촉매 기술 노역수
job_cave_cleaner,Cave Cleaner,동굴 청소부
job_cave_cleaner_gestalt,Cave Cleaner Drone,동굴 청소 드론
job_cave_cleaner_gestalt_plural,Cave Cleaner Drones,동굴 청소 드론
job_cave_cleaner_plural,Cave Cleaners,동굴 청소부
job_chemist,Chemist,화학자
job_chemist_drone,Chem-Drone,화학 드론
job_chemist_drone_plural,Chem-Drones,화학 드론
job_chemist_plural,Chemists,화학자
job_chief_navigator,Chief Navigator,수석 항해사
job_chief_security_officer,Chief Security Officer,최고 보안 장교
job_chief_supply_officer,Chief Supply Officer,최고 보급 장교
job_choirsymbiont,Choirsymbiont,합창 공생체
job_choirsymbiont_plural,Choirsymbionts,합창 공생체
job_chronicle_drone,Chronicle Drone,기록 드론
job_chronicle_drone_plural,Chronicle Drones,기록 드론
job_civilian,Civilian,민간인
job_civilian_plural,Civilians,민간인
job_clerk,Clerk,사무원
job_clerk_plural,Clerks,사무원
job_clip_maximizer,Material,물자
job_colonist,Colonist,개척민
job_colonist_plural,Colonists,개척민
job_commanding_officer,Commanding Officer,지휘관
job_complex_drone_unemployment,Idle Complex Drone,유휴 정밀 드론
job_complex_drone_unemployment_plural,Idle Complex Drones,유휴 정밀 드론
job_coordinator,Coordinator,조정기
job_coordinator_plural,Coordinators,조정기
job_corpse_broker_plural,Corpse Brokers,시체 중개인
job_corpse_reader_plural,Corpse Readers,시체 해석가
job_corrupt_drone,Corrupt Drone,불량 드론
job_corrupt_drone_plural,Corrupt Drones,불량 드론
job_cremator,Cremator,화장사
job_cremator_plural,Cremators,화장사
job_criminal,Criminal,범죄자
job_criminal_plural,Criminals,범죄자
job_crystal_miner,Crystal Miner,크리스탈 광부
job_crystal_miner_plural,Crystal Miners,크리스탈 광부
job_crystal_mining_drone,Crystal Mining Drone,크리스탈 채굴 드론
job_crystal_mining_drone_plural,Crystal Mining Drones,크리스탈 채굴 드론
job_crystalsymbiote,Crystalsymbiont,크리스탈 공생체
job_culture_worker,Culture Worker,문화 노동자
job_culture_worker_plural,Culture Workers,문화 노동자
job_curator,Museum Curator,박물관 큐레이터
job_curator_drone,Curator Drone,큐레이터 드론
job_curator_drone_plural,Curator Drones,큐레이터 드론
job_curator_plural,Museum Curators,박물관 큐레이터
job_cyberdome_duelist,Hyper-Gladiator,하이퍼 글래디에이터
job_cyberdome_duelist_plural,Hyper-Gladiators,하이퍼 글래디에이터
job_cyberdome_spectator,Spectator,관람객
job_cyberdome_spectator_plural,Spectators,관람객
job_death_chronicler,Death Chronicler,죽음 기록자
job_death_chronicler_plural,Death Chroniclers,죽음 기록자
job_death_manager,Extinction Manager,멸종 관리자
job_death_manager_plural,Extinction Managers,멸종 관리자
job_death_priest,Death Priest,죽음의 사제
job_death_priest_plural,Death Priests,죽음의 사제
job_deviant_drone,Deviant Drone,일탈 드론
job_deviant_drone_plural,Deviant Drones,일탈 드론
job_dimensional_portal_researcher,Dimensional Portal Researcher,차원문 연구원
job_dimensional_portal_researcher_gestalt,Dimensional Portal Drone,차원문 드론
job_dimensional_portal_researcher_gestalt_plural,Dimensional Portal Drones,차원문 드론
job_dimensional_portal_researcher_plural,Dimensional Portal Researchers,차원문 연구원
job_disconnected_drone,Disconnected Drone,단절된 드론
job_disconnected_drone_plural,Disconnected Drones,단절된 드론
job_drone_energy_thrall,Energy Drone,에너지 드론
job_drone_geologist,Xenogeologist Drone,외계 지질학 드론
job_drone_geologist_plural,Xenogeologist Drones,외계 지질학 드론
job_drone_historical_curator,Historical Curator Drone,역사 큐레이터 드론
job_drone_historical_curator_plural,Historical Curator Drones,역사 큐레이터 드론
job_drone_wonder_curator,Wonder Curator Drone,경이 큐레이터 드론
job_drone_wonder_curator_plural,Wonder Curator Drones,경이 큐레이터 드론
job_drone_wrangler,Wrangler Drone,동물 관리 드론
job_drone_wrangler_plural,Wrangler Drones,동물 관리 드론
job_duelist,Duelist,격투가
job_duelist_plural,Duelists,격투가
job_educator,Educator,교육자
job_educator_plural,Educators,교육자
job_educator_telepath,Psionic Mentor,사이오닉 멘토
job_educator_telepath_plural,Psionic Mentors,사이오닉 멘토
job_energy_thrall,Energy Thrall,에너지 노예
job_energy_thrall_plural,Energy Thralls,에너지 노예
job_enforcer,Enforcer,집행관
job_enforcer_plural,Enforcers,집행관
job_engineer,Engineer,공학자
job_engineer_plural,Engineers,공학자
job_entertainer,Entertainer,연예인
job_entertainer_plural,Entertainers,연예인
job_evaluator,Evaluator,평가기
job_evaluator_plural,Evaluators,평가기
job_evosymbiont,Evosymbiont,진화 공생체
job_evosymbiont_plural,Evosymbionts,진화 공생체
job_executive,Executive,경영자
job_executive_plural,Executives,경영자
job_experiment_engineer,Experiment Engineer,실험 기술자
job_experiment_engineer_drone,Experiment Engineer Drone,실험 기술 드론
job_extradimensional_research_unit,Extra-dimensional Research Unit,초차원 연구 유닛
job_extradimensional_research_unit_plural,Extra-dimensional Research Units,초차원 연구 유닛
job_fabricator,Fabricator,제조기
job_fabricator_plural,Fabricators,제조기
job_farmer,Farmer,농부
job_farmer_plural,Farmers,농부
job_fe_archivist,Archivist,기록 관리관
job_fe_archivist_plural,Archivists,기록 관리관
job_fe_guardian_bot,Guardian,수호자
job_fe_guardian_bot_plural,Guardians,수호자
job_fe_hedonist,Hedonist,쾌락주의자
job_fe_hedonist_plural,Hedonists,쾌락주의자
job_fe_maintenance_bot,Caretaker,관리인
job_fe_maintenance_bot_plural,Caretakers,관리인
job_fe_overseer,Overseer,감독관
job_fe_overseer_plural,Overseers,감독관
job_fe_protector,Protector,보호자
job_fe_protector_plural,Protectors,보호자
job_fe_sky_cardinal,Sky Cardinal,천공의 추기경
job_fe_sky_cardinal_plural,Sky Cardinals,천공의 추기경
job_fe_xeno_keeper,Xeno-Keeper,외계종 관리사
job_fe_xeno_keeper_plural,Xeno-Keepers,외계종 관리사
job_fe_xeno_ward,Xeno-Ward,보호 외계종
job_fe_xeno_ward_plural,Xeno-Wards,보호 외계종
job_fire_dancer,Fire Dancer,화염 무용수
job_fire_dancer_plural,Fire Dancers,화염 무용수
job_fire_oracle,Fire Oracle,화염 예언가
job_fire_oracle_plural,Fire Oracles,화염 예언자
job_fire_seer,Fire Seer,화염 예지자
job_fire_seer_plural,Fire Seers,화염 예지자
job_forgesymbiont,Forgesymbiont,대장장이 공생체
job_forgesymbiont_plural,Forgesymbionts,대장장이 공생체
job_foundry,Metallurgist,금속 공학자
job_foundry_plural,Metallurgists,금속 공학자
job_foundry_prison_worker,Penal Metallurgist,금속 공학 노역수
job_foundry_prison_worker_plural,Penal Metallurgists,금속 공학 노역수
job_gas_extraction_drone,Gas Extraction Drone,가스 추출 드론
job_gas_extraction_drone_plural,Gas Extraction Drones,가스 추출 드론
job_gas_extractor,Gas Extractor,가스 추출공
job_gas_extractor_plural,Gas Extractors,가스 추출공
job_gas_plant_engineer,Gas Plant Engineer,가스 공장 기술자
job_gas_plant_engineer_gestalt,Gas Plant Drone,가스 공장 드론
job_gas_plant_engineer_gestalt_plural,Gas Plant Drones,가스 공장 드론
job_gas_plant_engineer_plural,Gas Plant Engineers,가스 공장 기술자
job_gas_refiner,Gas Refiner,가스 정제사
job_gas_refiner_drone,Refinery Drone,정제 드론
job_gas_refiner_drone_plural,Refinery Drones,정제 드론
job_gas_refiner_plural,Gas Refiners,가스 정제사
job_gaseosymbiote_plural,Gaseosymbiontes,가스 공생체
job_genomic_drone,Genomic Drone,유전체 드론
job_genomic_drone_plural,Genomic Drones,유전체 드론
job_genomic_researcher,Genomic Researcher,유전체 연구원
job_genomic_researcher_plural,Genomic Researchers,유전체 연구원
job_geologist,Xeno-Geologist,외계 지질학자
job_geologist_plural,Xeno-Geologists,외계 지질학자
job_gestation_drone,Gestation Drone,육성 드론
job_gestation_drone_plural,Gestation Drones,육성 드론
job_government_employee,Government Official,정부 공무원
job_grubsymbiont,Grubsymbiont,땅굴 공생체
job_grubsymbiont_plural,Grubsymbionts,땅굴 공생체
job_haruspex,Haruspex,하루스펙스
job_head_researcher,Science Director,과학 이사
job_head_researcher_plural,Science Directors,과학 이사
job_healthcare,Medical Worker,의료 노동자
job_healthcare_plural,Medical Workers,의료 노동자
job_heart_processing,Newly Formed Biomass,새로 형성된 생체 물질
job_high_priest,High Priest,대사제
job_high_priest_plural,High Priests,대사제
job_historical_curator,Historical Curator,역사 큐레이터
job_historical_curator_plural,Historical Curators,역사 큐레이터
job_hive_basic_agri_drone,Basic Agricultural Drone,기본 농업 드론
job_hive_basic_agri_drone_plural,Basic Agricultural Drones,기본 농업 드론
job_hive_sustenance_drone,Sustenance Drone,양분 드론
job_hive_sustenance_drone_plural,Sustenance Drones,양분 드론
job_hunted_pre_sapient,Hunted Pre-Sapient,사냥된 준지성체
job_hunted_pre_sapient_plural,Hunted Pre-Sapients,사냥된 준지성체
job_hunter_drone,Hunter Drone,사냥 드론
job_hunter_drone_plural,Hunter Drones,사냥 드론
job_hunter_gatherer,Hunter-Gatherer,수렵 채집꾼
job_hunter_gatherer_plural,Hunter-Gatherers,수렵 채집꾼
job_identity_designer,Identity Designer,인격 설계사
job_identity_designer_plural,Identity Designers,인격 설계사
job_immunosymbiont,Immunosymbiont,면역 공생체
job_immunosymbiont_plural,Immunosymbionts,면역 공생체
job_intelligence_officer,Intelligence Officer,정보 장교
job_knight,Knight,기사
job_knight_commander_plural,Lord Commanders,기사단장
job_knight_plural,Knights,기사
job_livestock,Livestock,가축
job_livestock_zoo_animal,Protected Fauna,보호 대상 동물
job_livestock_zoo_beast,Gladiatorial Xeno,검투장 외계종
job_livestock_zoo_beast_plural,Gladiatorial Xenos,검투장 외계종
job_logistics_drone,Logistic Drone,물류 드론
job_logistics_drone_plural,Logistic Drones,물류 드론
job_low_tech_bureaucrat,Administrator,행정관
job_low_tech_bureaucrat_plural,Administrators,행정관
job_low_tech_farmer,Homesteader,농민
job_low_tech_farmer_plural,Homesteaders,농민
job_low_tech_laborer,Laborer,인부
job_low_tech_laborer_plural,Laborers,인부
job_low_tech_manager,Supervisor,감독자
job_low_tech_manager_plural,Supervisors,감독자
job_low_tech_miner,Prospector,탐광꾼
job_low_tech_miner_plural,Prospectors,탐광꾼
job_low_tech_priest,Preacher,전도사
job_low_tech_priest_plural,Preachers,전도사
job_low_tech_researcher,Scientist,과학자
job_low_tech_researcher_plural,Scientists,과학자
job_low_tech_technician,Reactor Engineer,반응로 기술자
job_low_tech_technician_plural,Reactor Engineers,반응로 기술자
job_low_tech_warrior,Militia,민병대
job_low_tech_warrior_plural,Military Conscripts,민병대
job_machine_nurse,Bio-Assistant,생체 보조자
job_machine_nurse_plural,Bio-Assistants,생체 보조자
job_maintenance_drone,Maintenance Drone,유지 보수 드론
job_maintenance_drone_plural,Maintenance Drones,유지 보수 드론
job_manager,Manager,관리자
job_manager_plural,Managers,관리자
job_managing_preacher,Death Preacher,죽음 전도사
job_managing_preacher_plural,Death Preachers,죽음 전도사
job_manufactorium_complex_drone,Operator Drone,운용 드론
job_manufactorium_complex_drone_plural,Operator Drones,운용 드론
job_manufactorium_research_drone,Vault Research Unit,보관고 연구 유닛
job_manufactorium_research_drone_plural,Vault Research Units,보관고 연구 유닛
job_manufactorium_researcher,Vault Research Team,보관고 연구 팀
job_manufactorium_researcher_plural,Vault Research Teams,보관고 연구 팀
job_manufactorium_scraper,Dismantler,해체 작업자
job_manufactorium_scraper_drone,Drone Dismantler,해체 드론
job_manufactorium_scraper_drone_plural,Drone Dismantlers,해체 드론
job_manufactorium_scraper_plural,Dismantlers,해체 작업자
job_manufactorium_specialist,Operator,운용원
job_manufactorium_specialist_plural,Operators,운용원
job_melt_extractor,Thermoforger,열 제련사
job_melt_extractor_drone,Thermoforger Drone,열 제련 드론
job_melt_extractor_drone_plural,Thermoforger Drones,열 제련 드론
job_melt_extractor_plural,Thermoforgers,열 제련사
job_merchant,Merchant,상인
job_merchant_plural,Merchants,상인
job_mind_thrall,Mind Thrall,정신 노예
job_mind_thrall_plural,Mind Thralls,정신 노예
job_miner,Miner,광부
job_miner_plural,Miners,광부
job_mineral_diver,Deep Sea Diver,심해 잠수부
job_mineral_diver_drone,Underwater Drone,수중 드론
job_mineral_diver_drone_plural,Underwater Drones,수중 드론
job_mineral_diver_plural,Deep Sea Divers,심해 잠수부
job_mining_drone,Mining Drone,채굴 드론
job_mining_drone_plural,Mining Drones,채굴 드론
job_mortal_initiate,Mortal Initiate,필멸의 수행자
job_mortal_initiate_plural,Mortal Initiates,필멸의 수행자
job_mote_harvester,Mote Harvester,분말 채취공
job_mote_harvester_plural,Mote Harvesters,분말 채취공
job_mote_harvesting_drone,Mote Harvesting Drone,불안정 분말 수확 드론
job_mote_harvesting_drone_plural,Mote Harvesting Drones,불안정 분말 수확 드론
job_motesymbiote,Motesymbiont,분말 공생체
job_munitions_decommissioner,Munitions Decommissioner,무기 해체 전문가
job_munitions_decommissioner_plural,Munitions Decommissioners,무기 해체 전문가
job_munitions_decommissioning_drone,Munitions Decommissioning Drone,무기 해체 드론
job_munitions_decommissioning_drone_plural,Munitions Decommissioning Drones,무기 해체 드론
job_munitions_decommissioning_unit,Munitions Decommissioning Unit,무기 해체 유닛
job_munitions_decommissioning_unit_plural,Munitions Decommissioning Units,무기 해체 유닛
job_myrmeku_power_farmer,Myrmeku Power Farmer,미르메쿠 발전 설비 기사
job_myrmeku_power_farmer_gestalt,Myrmeku Power Drone,미르메쿠 발전 드론
job_myrmeku_power_farmer_gestalt_plural,Myrmeku Power Drones,미르메쿠 발전 드론
job_nanotech_research_unit,Nanotech Research Unit,나노테크 연구 유닛
job_nanotech_research_unit_plural,Nanotech Research Units,나노테크 연구 유닛
job_nanotech_researcher,Nanotech Researcher,나노테크 연구원
job_nanotech_researcher_plural,Nanotech Researchers,나노테크 연구원
job_necro_apprentice,Necrophyte,죽음 추종자
job_necro_apprentice_plural,Necrophytes,죽음 추종자
job_necromancer,Necromancer,사령술사
job_necromancer_plural,Necromancers,사령술사
job_neural_chip,Neural Chip,신경칩
job_neural_chip_plural,Neural Chips,신경칩
job_neurosymbiont,Neurosymbiont,신경 공생체
job_neurosymbiont_plural,Neurosymbionts,신경 공생체
job_noble,Noble,귀족
job_noble_merchant,Patrician,파트리키
job_noble_merchant_plural,Patricians,파트리키
job_noble_plural,Nobles,귀족
job_noble_researcher,Noble Scientist,귀족 과학자
job_noble_researcher_plural,Noble Scientists,귀족 과학자
job_numistic_priest,Numistic Priest,누마 사제
job_numistic_priest_plural,Numistic Priests,누마 사제
job_observator_drone,Observator Drone,관측 드론
job_observator_drone_plural,Observator Drones,관측 드론
job_odd_factory_drone,Odd Factory Drone,기묘한 공장 드론
job_odd_factory_drone_plural,Odd Factory Drones,기묘한 공장 드론
job_odd_factory_worker,Odd Factory Worker,기묘한 공장 노동자
job_odd_factory_worker_plural,Odd Factory Workers,기묘한 공장 노동자
job_offspring_drone,Offspring Drone,자손 드론
job_offspring_drone_plural,Offspring Drones,자손 드론
job_offworld_prospector,Offworld Prospector,외계 탐사가
job_offworld_prospector_drone,Offworld Prospector Drone,외계 탐사 드론
job_offworld_prospector_drone_plural,Offworld Prospectors Drones,외계 탐사 드론
job_offworld_prospector_plural,Offworld Prospectors,외계 탐사가
job_organic_battery,Grid Amalgamated,에너지망 융합
job_organic_exhibit,Organic Specimen,유기체 표본
job_organic_exhibit_plural,Organic Specimens,유기체 표본
job_output_1,Strength through Unity,통합으로 이룬 힘
job_output_2,Greater Purpose,대의
job_output_3,Universal Service,보편적 서비스
job_overlord_academic,Overlord Academic,지배국 학자
job_overlord_academic_plural,Overlord Academics,지배국 학자
job_overlord_arborist,Overlord Arborist,지배국 수목 관리사
job_overlord_arborist_plural,Overlord Arborists,지배국 수목 관리사
job_overlord_bath_attendant,Mutagenic Spa Attendant,변이 유발 스파 종업원
job_overlord_bath_attendant_plural,Mutagenic Spa Attendants,변이 유발 스파 종업원
job_overlord_beholder,Overlord Beholder,지배국 주시자
job_overlord_beholder_plural,Overlord Beholders,지배국 주시자
job_overlord_bio_trophy,Overlord Bio-Trophy,지배국 생체 트로피
job_overlord_bio_trophy_plural,Overlord Bio-Trophies,지배국 생체 트로피
job_overlord_breeder,Overlord Breeder,지배국 사육자
job_overlord_breeder_plural,Overlord Breeders,지배국 사육자
job_overlord_manager,Overlord Manager,지배국 관리자
job_overlord_manager_plural,Overlord Managers,지배국 관리자
job_overlord_mortal_initiate,Overlord Mortal Initiate,지배국 필멸의 수행자
job_overlord_mortal_initiate_plural,Overlord Mortal Initiates,지배국 필멸의 수행자
job_overlord_necromancer,Overlord Necromancer,지배국 사령술사
job_overlord_necromancer_plural,Overlord Necromancers,지배국 사령술사
job_overlord_offspring_drone_feeder,Offspring Drone Feeder,자손 드론 급식 담당관
job_overlord_offspring_drone_feeder_plural,Offspring Drone Feeders,자손 드론 급식 담당관
job_overlord_propagandist,Overlord Propagandist,지배국 선전원
job_overlord_propagandist_plural,Overlord Propagandists,지배국 선전원
job_overlord_ranger,Overlord Ranger,지배국 자연 감시인
job_overlord_ranger_plural,Overlord Rangers,지배국 자연 감시인
job_overlord_reassigner,Overlord Reassigner,지배국 재배정 담당관
job_overlord_reassigner_plural,Overlord Reassigners,지배국 재배정 담당관
job_overlord_recruiter,Overlord Recruiter,지배국 모병관
job_overlord_recruiter_plural,Overlord Recruiters,지배국 모병관
job_overlord_trader,Overlord Trader,지배국 무역상
job_overlord_trader_drone,Distribution Drone,분배 드론
job_overlord_trader_drone_plural,Distribution Drones,분배 드론
job_overlord_trader_plural,Overlord Traders,지배국 무역상
job_patrol_drone,Hunter-Seeker Drone,추적 수색 드론
job_patrol_drone_plural,Hunter-Seeker Drones,추적 수색 드론
job_pearl_crafter,Pearl Crafter,진주 공예가
job_pearl_crafter_plural,Pearl Crafters,진주 공예가
job_pearl_diver,Pearl Diver,진주 잠수부
job_pearl_diver_plural,Pearl Divers,진주 잠수부
job_peasant,Peasant,농노
job_peasant_plural,Peasants,농노
job_photosymbiont,Photosymbiont,광합성 공생체
job_photosymbiont_plural,Photosymbionts,광합성 공생체
job_physician_drone,Physician Drone,의료 드론
job_physician_drone_plural,Physician Drones,의료 드론
job_physicist,Physicist,물리학자
job_physicist_plural,Physicists,물리학자
job_politician,Politician,정치가
job_politician_plural,Politicians,정치가
job_pollinosymbiont,Pollinosymbiont,수분 공생체
job_pollinosymbiont_plural,Pollinosymbionts,수분 공생체
job_polytechnic_drone,Pyroclastic Drone,화쇄류 드론
job_polytechnic_drone_plural,Pyroclastic Drones,화쇄류 드론
job_polytechnic_mentor,Thermotechnic Mentor,열 기술 멘토
job_polytechnic_mentor_plural,Thermotechnic Mentors,열 기술 멘토
job_pre_sapient,Pre-Sapient,준지성체
job_pre_sapient_plural,Pre-Sapients,준지성체
job_preacher,Prosperity Preacher,번영 전도사
job_preacher_plural,Prosperity Preachers,번영 전도사
job_presapient_unprocessing,Repurposing,재활용
job_presapient_unprocessing_desc,Working towards sapience,지성화에 재활용 중
job_priest,Priest,사제
job_priest_plural,Priests,사제
job_primitive_hive_cerebellum_drone,Cerebellum Drone,소뇌 드론
job_primitive_hive_cerebellum_drone_plural,Cerebellum Drones,소뇌 드론
job_primitive_hive_factory_drone,Factory Drone,공장 드론
job_primitive_hive_factory_drone_plural,Factory Drones,공장 드론
job_primitive_hive_synapse_drone,Nascent Synapse Drone,신생 시냅스 드론
job_primitive_hive_synapse_drone_plural,Nascent Synapse Drones,신생 시냅스 드론
job_primitive_hive_warrior,Simple Warrior Drone,단순 전사 드론
job_primitive_hive_warrior_plural,Simple Warrior Drones,단순 전사 드론
job_primitive_laborer,Manufacturers,수공업자
job_primitive_noble,Feudal Noble,봉건 귀족
job_primitive_noble_plural,Feudal Nobles,봉건 귀족
job_primitive_priest,Cleric,성직자
job_primitive_priest_plural,Clerics,성직자
job_primitive_researcher,Scholar,학자
job_primitive_researcher_2,Researcher,연구원
job_primitive_researcher_2_plural,Researchers,연구원
job_primitive_researcher_plural,Scholars,학자
job_primitive_warrior,Warrior,전사
job_primitive_warrior_2,Soldier,군인
job_primitive_warrior_2_plural,Soldiers,군인
job_primitive_warrior_plural,Warriors,전사
job_principal_pilot,Pilot First Class,1급 조종사
job_production_overseer,Production Overseer,생산 감독관
job_production_overseer_plural,Production Overseers,생산 감독관
job_puddle_technician,Puddle Technician,웅덩이 기술자
job_puddle_technician_drone,Puddle Technician Drone,웅덩이 기술자 드론
job_puddle_technician_drone_plural,Puddle Technician Drones,웅덩이 기술자 드론
job_puddle_technician_plural,Puddle Technicians,웅덩이 기술자
job_purge,Purging,정화 중
job_pyrocrat,Pyrocrat,화염관료
job_pyrocrat_plural,Pyrocrats,화염관료
job_pyromancer,Pyromancer,화염 점술가
job_pyromancer_plural,Pyromancers,화염 점술가
job_radiant_priest,Radiant Priest,광휘 사제
job_radiant_priest_plural,Radiant Priests,광휘 사제
job_rancher,Rancher,목축업자
job_rancher_plural,Ranchers,목축업자
job_ranger,Ranger,자연 감시인
job_ranger_plural,Rangers,자연 감시인
job_reassigner,Reassigner,재배정 담당관
job_reassigner_plural,Reassigners,재배정 담당관
job_reenactor,Historic Reenactor,역사 재현가
job_reenactor_plural,Historic Reenactors,역사 재현가
job_replicator,Replicator,복제기
job_replicator_plural,Replicators,복제기
job_resort_worker,Resort Worker,리조트 노동자
job_resort_worker_plural,Resort Workers,리조트 노동자
job_robot_caretaker,Robot Caretaker,로봇 관리인
job_robot_caretaker_plural,Robot Caretakers,로봇 관리인
job_roboticist,Roboticist,로봇 기술자
job_roboticist_plural,Roboticists,로봇 기술자
job_sacred_noble,Sacred Noble,신성 귀족
job_sacred_noble_plural,Sacred Nobles,신성 귀족
job_sand_caretaker,Sand Caretaker,모래 관리자
job_sand_caretaker_plural,Sand Caretakers,모래 관리자
job_sand_whisperer,Sand Whisperer,모래 조율사
job_sand_whisperer_plural,Sand Whisperers,모래 조율사
job_scavenger_drone,Scavenger Drone,고철주이 드론
job_scavenger_drone_plural,Scavenger Drones,고철주이 드론
job_scrap_miner,Scrap Miner,고철 광부
job_scrap_miner_drone,Scrap Miner Drone,고철 광부 드론
job_scrap_miner_drone_plural,Scrap Miner Drones,고철 광부 드론
job_scrap_miner_plural,Scrap Miners,고철 광부
job_servant,Servant,하인
job_servant_plural,Servants,하인
job_ship_logistics_officer,Ship Logistics Officer,함선 군수 장교
job_ship_weapons_officer,Ship Weapons Officer,함선 무기 장교
job_shroud_trader,Empathic Marketer,공감 마케터
job_shroud_trader_plural,Empathic Marketers,공감 마케터
job_simple_drone_unemployment,Idle Simple Drone,유휴 단순 드론
job_simple_drone_unemployment_plural,Idle Simple Drones,유휴 단순 드론
job_skywatcher,Skywatcher,하늘 파수꾼
job_skywatcher_drone,Skywatcher Drone,하늘 파수꾼 드론
job_skywatcher_drone_plural,Skywatcher Drones,하늘 파수꾼 드론
job_skywatcher_plural,Skywatchers,하늘 파수꾼
job_slave_orderly,Orderly,질서 관리 노예
job_slave_orderly_plural,Orderlies,질서 관리 노예
job_slave_processing_desc,Working towards enslavement,노예화에 재활용 중
job_slave_toiler,Toiler,잡부
job_slave_toiler_plural,Toilers,잡부
job_slave_unemployment,Unemployed Slaves,실업자 노예
job_slave_unprocessing_desc,Working towards liberation,해방에 재활용 중
job_solarpunk_anarchist,Content Terraformer,만족한 테라포머
job_solarpunk_anarchist_plural,Content Terraformers,만족한 테라포머
job_space_junk_collector,Space Junk Collector,우주 고철 회수원
job_space_junk_collector_plural,Space Junk Collectors,우주 고철 회수원
job_space_time_anomaly_researcher,Space-Time Anomaly Researcher,시공간 이상 현상 연구원
job_space_time_anomaly_researcher_gestalt,Space-Time Anomaly Drone,시공간 이상 현상 드론
job_space_time_anomaly_researcher_gestalt_plural,Space-Time Anomaly Drones,시공간 이상 현상 드론
job_space_time_anomaly_researcher_plural,Space-Time Anomaly Researchers,시공간 이상 현상 연구원
job_spawning_drone,Spawning Drone,산란 드론
job_spawning_drone_plural,Spawning Drones,산란 드론
job_special_operations_commander,Special Operations Officer,특수 작전 장교
job_spindlesymbiont,Spindlesymbiont,물레 공생체
job_spindlesymbiont_plural,Spindlesymbionts,물레 공생체
job_squire,Squire,견습 기사
job_squire_plural,Squires,견습 기사
job_stasis_warden,Stasis Warden,정지장 교도관
job_stasis_warden_drone,Stasis Warden Drone,정지장 교도관 드론
job_stasis_warden_drone_plural,Stasis Warden Drones,정지장 교도관 드론
job_stasis_warden_plural,Stasis Wardens,정지장 교도관
job_steward,Steward,간사
job_steward_plural,Stewards,간사
job_storm_dancer,Storm Dancer,폭풍 무용가
job_storm_dancer_plural,Storm Dancers,폭풍 무용가
job_storm_duelist,Storm Duelist,폭풍 격투가
job_storm_duelist_plural,Storm Duelists,폭풍 격투가
job_stratovent_refiner,Vent Refiner,분출공 정제사
job_stratovent_refiner_minerals,Collapsed Vent Refiner,붕괴 분출공 정제사
job_stratovent_refiner_minerals_plural,Collapsed Vent Refiners,붕괴 분출공 정제사
job_stratovent_refiner_plural,Vent Refiners,분출공 정제사
job_stratovent_refiner_upg,Expanded Vent Refiner,확장 분출공 정제사
job_stratovent_refiner_upg_plural,Expanded Vent Refiners,확장 분출공 정제사
job_stratovent_researcher,Vent Researcher,분출공 연구원
job_stratovent_researcher_plural,Vent Researchers,분출공 연구원
job_superstitious_beliefs_high_priest,High Astrologist,고위 점성가
job_superstitious_beliefs_high_priest_corporate,Fortune Broker,운세 브로커
job_superstitious_beliefs_high_priest_plural,High Astrologists,고위 점성가
job_superstitious_beliefs_priest,Spirit Medium,영매사
job_superstitious_beliefs_priest_corporate,Fortune Teller,점술가
job_superstitious_beliefs_priest_corporate_plural,Fortune Tellers,점술가
job_superstitious_beliefs_priest_plural,Spirit Mediums,영매사
job_symbiosis_integrator,Symbiosis Integrator,공생 관리사
job_symbiosis_integrator_plural,Symbiosis Integrators,공생 관리사
job_synapse_drone,Synapse Drone,시냅스 드론
job_synapse_drone_plural,Synapse Drones,시냅스 드론
job_tamersymbiont,Tamersymbiont,조련 공생체
job_tamersymbiont_plural,Tamersymbionts,조련 공생체
job_technician,Technician,기술자
job_technician_drone,Tech-Drone,기술 드론
job_technician_drone_plural,Tech-Drones,기술 드론
job_technician_plural,Technicians,기술자
job_technophant,Technophant,테크노판트
job_technophant_plural,Technophants,테크노판트
job_telepath,Telepath,텔레파시 능력자
job_telepath_drone,Telepath Drone,텔레파시 드론
job_telepath_drone_plural,Telepath Drones,텔레파시 드론
job_telepath_plural,Telepaths,텔레파시 능력자
job_test_subject,Test Subject,피험체
job_test_subject_drone,Test Subject Drone,피험체 드론
job_test_subject_plural,Test Subjects,피험체
job_titan_hunter,Titan Hunter,타이탄 사냥꾼
job_titan_hunter_plural,Titan Hunters,타이탄 사냥꾼
job_tourist,Tourist,관광객
job_tourist_plural,Tourists,관광객
job_trader,Trader,무역상
job_trader_plural,Traders,무역상
job_transference_drone,Transference Drone,전이 드론
job_transference_volunteer,Transference Volunteer,전이 자원자
job_translucer,Translucer,크리스탈 제조가
job_translucer_drone,Lensing Drone,렌즈 가공 드론
job_translucer_drone_plural,Lensing Drones,렌즈 가공 드론
job_translucer_plural,Translucers,크리스탈 제조가
job_treasure_gatherer,Treasure Curator,보물 큐레이터
job_treasure_gatherer_gestalt,Treasure Drone,보물 드론
job_treasure_gatherer_gestalt_plural,Treasure Drones,보물 드론
job_treasure_gatherer_plural,Treasure Curators,보물 큐레이터
job_trophy_hunter,Trophy Hunter,전리품 사냥꾼
job_trophy_hunter_plural,Trophy Hunters,전리품 사냥꾼
job_turtle_miner,Nemma Miner,넴마 광부
job_turtle_miner_gestalt,Nemma Mining Drone,넴마 채굴 드론
job_turtle_miner_gestalt_plural,Nemma Mining Drones,넴마 채굴 드론
job_turtle_miner_plural,Nemma Miners,넴마 광부
job_underground_contact_drone,Subterranean Liaison Drone,지하 연락 드론
job_underground_contact_drone_plural,Subterranean Liaison Drones,지하 연락 드론
job_underground_trade_worker,Subterranean Liaison,지하 문명 연락 담당관
job_underground_trade_worker_plural,Subterranean Liaisons,지하 문명 연락 담당관
job_unemployed,Unemployed,실업자
job_unifier,Unification Officer,통합 담당관
job_unifier_plural,Unification Officers,통합 담당관
job_visionary,Tech Visionary,기술 선각자
job_visionary_plural,Tech Visionaries,기술 선각자
job_warden,Planetary Warden,행성 교도관
job_warden_plural,Planetary Wardens,행성 교도관
job_warrior_drone,Warrior Drone,전사 드론
job_warrior_drone_plural,Warrior Drones,전사 드론
job_wilderness_maintenance_drone,Pliable Biomass,유연한 생체 물질
job_wonder_curator,Wonder Curator,경이 큐레이터
job_wonder_curator_plural,Wonder Curators,경이 큐레이터
job_wrangler,Wrangler,동물 관리사
job_wrangler_plural,Wranglers,동물 관리사
job_xeno_zoo_animal,Conserved Fauna,보전 대상 동물
job_xeno_zoo_beast,Gladiatorial Beast,검투장 야수
job_xeno_zoo_beast_plural,Gladiatorial Beasts,검투장 야수
job_xeno_zoo_keeper,Zookeeper,사육사
job_xeno_zoo_keeper_plural,Zookeepers,사육사
megastructure_demands_rejected,Megastructure demands rejected,거대 구조물 요구 거절됨
origin_91.a,Good for them.,다행이군요.
origin_arc_welders,Arc Welders,아크 용접공
origin_asteroid_category,Unknown Origin,알 수 없는 기원
origin_broken_shackles,Broken Shackles,부서진 족쇄
origin_clone_army,Clone Army,클론 군대
origin_common_ground,Common Ground,공통점
origin_cosmic_dawn,Cosmic Dawn,우주의 여명
origin_cybernetic_creed,Cybernetic Creed,사이버네틱 종파
origin_default,Prosperous Unification,번영한 통합
origin_default_pre_ftl,Developing Civilization,발달 중인 문명
origin_demonic_incursion,Daemonic Incursion,악마의 습격
origin_doomsday,Doomsday,최후의 날
origin_eldest_sibling,Eldest Sibling,맏형제
origin_endbringers,Endbringers,종말의 전령
origin_enlightened,Enlightened,계몽
origin_evolutionary_predators,Evolutionary Predators,진화하는 포식자
origin_fallen_empire,Elder Race,원로 종족
origin_fruitful,Fruitful Partnership,유익한 협력
origin_galactic_doorstep,Galactic Doorstep,은하의 문턱
origin_hegemon,Hegemon,패권자
origin_hegemon_npc,Hegemon Subordinate,패권자 종속국
origin_here_be_dragons,Here Be Dragons,드래곤 주의!
origin_imperial_vassal,Imperial Fiefdom,제국 영지
origin_imperial_vassal_overlord,Imperial Liege,군주국
origin_khan_successor,Khanate Successor,칸의 계승자
origin_legendary_leader,Under One Rule,단일한 통치
origin_legendary_leader_death,Broken Rule,깨어진 통치
origin_liberated,Liberated,해방
origin_lithoid,Calamitous Birth,재앙을 초래한 탄생
origin_lost_colony,Lost Colony,잃어버린 식민지
origin_machine,Resource Consolidation,자원 통합
origin_necrophage,Necrophage,망령화
origin_no_effect,- No effect,- 효과 없음
origin_ocean_machines,Subaquatic Machines,수중 기계
origin_ocean_paradise,Ocean Paradise,해양 낙원
origin_overtuned,Overtuned,과도한 개조
origin_payback,Payback,복수
origin_post_apocalyptic_machines,Radioactive Rovers,방사성 방랑자
origin_primal_calling,Primal Calling,원초적 소명
origin_progenitor_hive,Progenitor Hive,창시자 군체
origin_red_giant,Red Giant,적색 거성
origin_remnants,Remnants,잔존자
origin_riftworld,Riftworld,균열 행성
origin_scion,Scion,자손
origin_separatists,Separatists,분리주의자
origin_shattered_ring,Shattered Ring,부서진 링
origin_shroud_forged,Shroud-Forged,장막 단조체
origin_starlit_citadel,Starlit Citadel,별빛 성채
origin_storm_chasers,Storm Chasers,폭풍 추적자
origin_subterranean,Subterranean,지하
origin_subterranean_machines,Subterranean Machines,지하 기계
origin_synthetic_fertility,Synthetic Fertility,합성 생식
origin_treasure_hunters,Treasure Hunters,보물 사냥꾼
origin_tree_of_life,Tree of Life,생명의 나무
origin_unplugged,Hard Reset,하드 리셋
origin_void_dwellers,Void Dwellers,공허 거주인
origin_void_machines,Voidforged,공허에서 단조된 자
origin_wilderness,Wilderness,광야 공생군
pc_a_star,Class A Star,A형 항성
pc_ai,AI World,AI 행성
pc_alpine,Alpine World,고산 행성
pc_alpine_adj,alpine,고산
pc_alpine_tile,Alpine Terrain,고산 지형
pc_arctic,Arctic World,극지 행성
pc_arctic_adj,arctic,극지
pc_arctic_tile,Arctic Terrain,극지 지형
pc_arid,Arid World,건조 행성
pc_arid_tile,Arid Terrain,건조 지형
pc_asteroid,Asteroid,소행성
pc_astral_scar,Astral Scar,아스트랄 상흔
pc_b_star,Class B Star,B형 항성
pc_barren,Barren World,불모 행성
pc_black_hole,Black Hole,블랙홀
pc_broken,Broken World,파괴된 행성
pc_city,Ecumenopolis,도시 행성
pc_city_adj,urban,도시
pc_continental,Continental World,대륙 행성
pc_continental_adj,temperate,온화한
pc_continental_tile,Temperate Terrain,온대 지형
pc_cosmogenesis_world,Synaptic Lathe,시냅스 가공기
pc_crystal_asteroid,Crystalline Asteroid,크리스탈 소행성
pc_desert,Desert World,사막 행성
pc_desert_adj,desert,사막
pc_desert_tile,Desert Terrain,사막 지형
pc_egg_cracked,Cracked World,깨진 행성
pc_f_star,Class F Star,F형 항성
pc_frozen,Frozen World,얼음 행성
pc_g_star,Class G Star,G형 항성
pc_gaia,Gaia World,가이아 행성
pc_gaia_adj,ideal,이상적
pc_gaia_plural,Gaia Worlds,가이아 행성
pc_gaia_tile,Gaia Terrain,가이아 지형
pc_gas_giant,Gas Giant,거대 가스 행성
pc_gray_goo,Nanite World,나노봇 행성
pc_habitat,Orbital Habitat,궤도 거주지
pc_habitat_adj,artificial,인공
pc_habitat_plural,Orbital Habitats,궤도 거주지
pc_habitat_shielded,Shielded Habitat,보호막에 덮인 거주지
pc_habitat_tile,Habitat Terrain,거주지 지형
pc_hive,Hive World,군체 행성
pc_ice_asteroid,Ice Asteroid,얼음 소행성
pc_infested,Infested World,감염된 행성
pc_infested_tile,Infested Terrain,감염된 지형
pc_junk,Junk Moon,고철 위성
pc_k_star,Class K Star,K형 항성
pc_m_star,Class M Star,M형 항성
pc_machine,Machine World,기계 행성
pc_machine_adj,cybernetic,사이버네틱
pc_machine_broken,Broken AI World,파괴된 AI 행성
pc_machine_tile,Cybernetic Terrain,사이버네틱 지형
pc_molten,Molten World,용암 행성
pc_neutron_star,Neutron Star,중성자별
pc_nuked,Tomb World,죽은 행성
pc_nuked_adj,desolate,적막한
pc_nuked_plural,Tomb Worlds,죽은 행성
pc_nuked_tile,Wasteland Terrain,황무지 지형
pc_ocean,Ocean World,해양 행성
pc_ocean_adj,oceanic,해양
pc_ocean_tile,Ocean Terrain,해양 지형
pc_pulsar,Pulsar,펄서
pc_relic,Relic World,유물 행성
pc_relic_adj,relict,유물
pc_ringworld_habitable,Ring Segment,링 구간
pc_ringworld_habitable_tile,Ring World Terrain,링 월드 지형
pc_ringworld_shielded,Shielded Segment,보호막에 덮인 구간
pc_savannah,Savanna World,초원 행성
pc_savannah_adj,savannah,초원
pc_savannah_tile,Savanna Terrain,초원 지형
pc_shattered,Shattered World,부서진 행성
pc_shattered_ring_habitable,Shattered Ring Segment,부서진 링 구간
pc_shielded,Shielded World,보호막에 덮인 행성
pc_shrouded,Shrouded World,장막에 덮인 행성
pc_toxic,Toxic World,유독성 행성
pc_toxoid_star,Viridescent Lightbringer,담록의 광원
pc_tropical,Tropical World,열대 행성
pc_tropical_adj,tropical,열대
pc_tropical_tile,Tropical Terrain,열대 지형
pc_tundra,Tundra World,동토 행성
pc_tundra_adj,tundra,동토
pc_tundra_tile,Tundra Terrain,동토 지형
pc_volcanic,Volcanic World,화산 행성
pc_volcanic_plural,Volcanic Worlds,화산 행성
planet_class_editor,Planet Class,행성 유형
policy_appropriation,Land Appropriation,토지 책정
policy_artificial_intelligence_policy,Artificial Intelligence,인공 지능
policy_border_policy,Initial Border Status,최초 국경 상태
policy_computation_core_allocation,Computation Core Focus,연산 코어 중점
policy_core_worlds,Core Worlds Population,핵심 성계 인구
policy_cyberization_standards,Cyberization Standards,사이버화 표준
policy_debris,Debris,잔해
policy_diplomatic_stance,Diplomatic Stance,외교적 태도
policy_drone_policy,Production Policy,생산 정책
policy_economic_policy,Economic Policy,경제 정책
policy_enlightenment,Pre-FTL Enlightenment,초광속 이전 문명 계몽
policy_exhibition_focus,Exhibition Focus,전시 중점
policy_first_contact_protocol,First Contact Protocol,첫 조우 프로토콜
policy_food_policy,Food Policy,식량 정책
policy_food_stockpiling,Food Stockpiling,식량 비축
policy_homogenous_class,Genome Tailoring,유전체 맞춤 조작
policy_interference,Pre-FTL Interference,초광속 이전 문명 간섭
policy_knightly_duties,Knightly Duties,기사의 의무
policy_leader_enhancement,Leader Enhancement,지도자 강화
policy_leadership,Leadership,지도자
policy_logistics_policy,Logistics Policy,물류 정책
policy_metabolic_regulation,Metabolic Regulation,신진대사 조절
policy_migration,Migration,이주
policy_orbital_bombardment,Orbital Bombardment,궤도 폭격
policy_orbital_bombardment_accept_surrender,Orbital Surrender Acceptance,궤도 항복 수락
policy_population_controls,Population Controls,인구 통제
policy_psionic_choir,Psionic Choir,사이오닉 합창단
policy_psionic_suppression_policy,Psionic Suppression,사이오닉 억제
policy_purge,Purge,정화
policy_refugees,Refugees,난민
policy_relentless_industrialists_policy,Industrialism,산업주의
policy_replicatory_association_insurance,Replicant Insurance,복제 보험
policy_research_policy,Research Focus,연구 중점
policy_research_restriction_policy,Research Restrictions,연구 제한
policy_resettlement,Resettlement,재정착
policy_robot_pop_policy,Robotic Workers,로봇 노동자
policy_slavery,Slavery,노예제
policy_slavery_procreation,Slave Procreation,노예 생식
policy_space_fauna_growth,Space Fauna Growth,우주 동물 육성
policy_subjugation_war_terms,Subjugation War Terms,종속 전쟁 조건
policy_synthetic_identities_policy,Synthetic Identities,합성 인격
policy_trade_policy,Trade Policy,무역 정책
policy_virtuality_focus,Virtual Focus Policy,가상 중점 정책
policy_voting_rights,Voting Rights,투표권
policy_war_doctrine,War Doctrine,전쟁 교리
policy_war_economy,War Economy,전시 경제
policy_war_philosophy,War Philosophy,전쟁 철학
pop_category_drones,Drone,드론
pop_category_precursor,Precursor Living Standards,선구자 생활 수준
pop_category_purge,Being Purged,정화되는 중
pop_category_robot,Robotic Servant,로봇 하인
pop_category_xeno_ward,Primitive Living Standards,원시 생활 수준
resource_subsidies,Contribution,자원 기여
resource_subsidies_advanced,Advanced,고급
resource_subsidies_basic,Basic,기초
resource_subsidies_research,Research,연구
resource_subsidies_strategic,Strategic,전략
sector_capital_world,Sector Capital,구역 수도
sector_established,Sector Established,구역 설립 완료
sector_governor_assigned,Sector Governor,구역 총독
sector_separatist_supporter,Sector separatist supporter,구역 분리주의 지지자
ship_aura_components,Ship Aura (Titan),함선 오라(타이탄)
ship_battleship,Battleships,전함
ship_components,Components,부품
ship_corvette,Corvettes,초계함
ship_cruiser,Cruisers,순양함
ship_destroyer,Destroyers,구축함
ship_edicts,Ship Edicts,함선 시행령
ship_excess_power,Excess Power,초과 전력
ship_gasgiant_category,Gas Giant Ship,거대 가스 행성의 함선
ship_graveyard,Starship Graveyard,우주선 묘지
ship_growth_stage_1,Juvenile,유체
ship_growth_stage_2,Mature,성체
ship_growth_stage_3,Elder,원로
ship_growth_stage_4,Ancient,고대
ship_junkyard,Ship Junkyard,함선 처리장
ship_master_cruiser,Precursor Ship Design,선구자 함선 설계
ship_max_damaged_effect,Damaged Penalty,피해 불이익
ship_military_station_small,Defense Platforms,방어 플랫폼
ship_mounted,Ship-mounted,함선 장착용
ship_orbit_repair,Orbit Repair,궤도 수리
ship_science,Science Ships,과학선
ship_sections,Sections,구획
ship_sensor_components,Sensors,감지기
ship_survey_boost,Enhanced Survey Scanner,향상된 탐사 스캐너
ship_upgrades,Ship Upgrades,함선 업그레이드
situation_a_rift_in_space_devote_research,Devote Research,적극적인 연구
situation_a_rift_in_space_send_probes,Send Probes,탐사정 투입
situation_a_rift_in_space_standard,Study Passively,소극적인 관측
situation_alloys_deficit,Alloys Shortages,합금 부족
situation_approach_tt,Approach,접근 방식
situation_ban_implant_weapons_tt,Implant Weapons Banned,삽입물 무기 금지
situation_breach_shroud,Psionic Ascension,사이오닉 승격
situation_consumer_goods_deficit,Consumer Goods Shortages,소비재 부족
situation_control_market_tt,Controlled Implant Market,삽입물 시장 통제
situation_cosmic_dawn,Deep Excavation,심층 발굴
situation_cyberization,Cyberization,사이버화
situation_cyberization_cautious,Cautious,신중
situation_cyberization_culled_drones_desc,Defective Drones Culled,결함 드론 제거
situation_cyberization_hive_outcome,A cybernetic population.,인구 전체가 사이버네틱이 됩니다.
situation_cyberization_hive_type,Ascension Situation,승격 상황
situation_cyberization_ongoing_desc,Cyberization Ongoing,사이버화 진행 중
situation_cyberization_overdrive,Overdrive,가속화
situation_cyberization_pause_desc,Situation Paused,상황 일시 정지
situation_cyberization_researching_alternatives_desc,Researching Alternative Implants,대안 삽입물 연구
situation_cyberization_streamlined,Streamlined,간소화
situation_cybernetic_creed_cyberization_funding,Extra Funds,추가 자금 지원
situation_cybernetic_creed_cyberization_no_funding,Church Funded,일정 자금 지원
situation_cybernetic_creed_cyberization_people_power,People Powered,민중의 힘
situation_destroy_crystal_sphere_astral,Astral Approach,아스트랄적 접근
situation_destroy_crystal_sphere_mechanical,Mechanical Approach,기계적 접근
situation_destroyed_research_tt,Destroyed Research,연구 파기
situation_digitization,Synthesization,합성체 전환
situation_digitization_errorcorrecting,Error Correcting,오류 보정
situation_digitization_ongoing_desc,Synthesization Ongoing,합성체 전환 진행 중
situation_digitization_outcome,A synthetic population.,인구 전체가 합성체가 됩니다.
situation_digitization_overclocked,Overclocked,오버클럭
situation_digitization_realtime,Real Time,실시간
situation_doomclock_difficulty_modifier,Crisis Difficulty Slider,위기 난이도 슬라이더
situation_doomclock_eleventh_hour,Impending Doom,임박한 파멸
situation_energy_deficit,Energy Shortages,에너지 부족
situation_entry_top_header,Outstanding Situations,관심 상황
situation_evolutionary_predators_consume,Consume,섭취
situation_evolutionary_predators_incorporate,Incorporate,합병
situation_evolutionary_predators_synthesize,Synthesize,합성
situation_exotic_gases_deficit,Exotic Gas Shortages,외계 가스 부족
situation_experimental_testing,Experimental Testing,실험적 연구
situation_experimental_testing_hold,Hold Testing,실험 보류
situation_experimental_testing_stage_1,Tests Ongoing,실험 진행
situation_food_deficit,Food Shortages,식량 부족
situation_free_market_tt,Free Implant Market,자유 삽입물 시장
situation_frenzied_voidworms,Frenzied Voidworms,광분한 공허충
situation_fulfill_drive,Fulfill,충족
situation_galactic_hyperthermia,Galactic Firestorm,은하 화염 폭풍
situation_galactic_hyperthermia_timer,Mobilization,동원
situation_geomagnetic_storm,Geomagnetic Storm,지자기 폭풍
situation_gh_approach_other,Extinguish the Flame,불길 잠재우기
situation_gh_approach_perp,Fuel the Fire,불에 기름 붓기
situation_gh_approach_timer,Face the Fallout,후폭풍에 맞서다
situation_gh_difficulty_progress,Difficulty,난이도
situation_gravity_well,Gravity Well,중력장
situation_initiate_storm,Gather the Storm,폭풍 모으기
situation_judicial_overhaul_tt,Judicial Overhaul,사법 개편
situation_judicial_reset_tt,Judicial Reset,사법 초기화
situation_kaleidoscope,The Kaleidoscope,만화경
situation_kinesthetic_microfusion_tt,Kinesthetic Microfusion Configuration,운동 감각적 미세 핵융합 조정
situation_last_gift,The Last Gift,마지막 선물
situation_living_snow,Unusual Snow,특이한 눈
situation_machine_uprising,AI-Related Incidents,AI 관련 사건
situation_machine_uprising_evaded,Situation Evaded,상황 회피
situation_machine_uprising_pops_monthly_progress,Mechanical Pops,기계식 팝
situation_machine_uprising_violated,Violated Robots,로봇 침해
situation_mineral_deficit,Mineral Shortages,광물 부족
situation_mysterious_labyrinth,The Mysterious Labyrinth,수수께끼의 미궁
situation_nanotech_consume_planet_monthly_change_tooltip,Nanite Extraction Progress,나노봇 추출 진행도
situation_nanotech_consume_planet_type,Extract Nanites,나노봇 추출
situation_nwo_stage_four,Final Round,최종 결전
situation_nwo_stage_one,Burgeoning Conflict,분쟁의 시작
situation_nwo_stage_three,Power Struggles,권력 투쟁
situation_nwo_stage_two,Tipping the Scales,전세 역전
situation_observation_insight,Observation Insights,관측 통찰
situation_origin_first_promise_construction,Construction Projects,건설 프로젝트
situation_origin_first_promise_engineering,New Technologies,신기술
situation_origin_first_promise_expansion,Internal Affairs,내정
situation_origin_first_promise_prospecting,New Resources,신규 자원
situation_origin_forgotten_balanced,Seek Compromise,절충안 제안
situation_origin_forgotten_crackdown,Crack Down,단속 실시
situation_origin_forgotten_propaganda,Use Propaganda,선전 실시
situation_paperclip_stage_1,Months Left,남은 개월 수
situation_paperclips,Commodities Consolidation,물품 생산 강화
situation_paragon_origin_reformists_struggle_accept,Call For Negotiations,협상 요청
situation_paragon_origin_reformists_struggle_harsh,Maintain Control,통제 유지
situation_paragon_skrand_balanced,Balanced Funding,균형 잡힌 자금 지원
situation_paragon_skrand_crisis,Study The Crisis,위기 조사
situation_paragon_skrand_crisis_type,Crisis Study,위기 조사
situation_paragon_skrand_cure,Cure Progression,치료 진행도
situation_paragon_skrand_cure_ascension_tt,Genetic Expertise,유전자 전문 지식
situation_paragon_skrand_cure_generous,Extensive Research,확대 연구
situation_paragon_skrand_cure_nothing,Minimal Research,최소 연구
situation_paragon_skrand_cure_regular,Standard Research,표준 연구
situation_paragon_skrand_generous,Generous Funding,넉넉한 자금 지원
situation_paragon_skrand_integration,Command Integration,지휘 통합
situation_paragon_skrand_low,Minimal Funding,최소 자금 지원
situation_paragon_skrand_none,No Funding,자금 지원 중단
situation_paragon_skrand_rebuild,Rebuild The Talon,발톱 재건조
situation_paragon_skrand_sickness,Illness Progression,질병 진행도
situation_paragon_skrand_sickness_generous,Intensive Care,집중 진료
situation_paragon_skrand_sickness_nothing,Minimal Care,최소 진료
situation_paragon_skrand_sickness_standard,Standard Care,표준 진료
situation_paragon_skrand_sickness_tech_tt,Vitality Boosters,활력 부스터
situation_paragon_skrand_sickness_type,Illness,질병
situation_paragon_skrand_species,New Species,새 종족
situation_paragon_skrand_species_type,Genetic Experiment,유전자 실험
situation_paragon_skrand_study,Study The Talon,발톱 연구
situation_paragon_skrand_study_type,Talon Study,발톱 연구
situation_paragon_skrand_upgrade,Upgrade The Talon,발톱 업그레이드
situation_paragon_skrand_upgrade_type,Talon Upgrade,발톱 업그레이드
situation_plague_stage_one,First Wave,제1의 물결
situation_plague_stage_three,Fever Broken,증상 완화
situation_plague_stage_two,Second Wave,제2의 물결
situation_planetary_revolt_type,Planetary Revolt,행성 반란
situation_pre_ftl_nwo,New World Order,새로운 세계 질서
situation_pre_ftl_plague,Zoonotic Plague,동물성 전염병
situation_pre_ftl_singularity,Organic Singularity,유기체적 특이점
situation_pre_ftl_singularity_type,Singularity Event,특이점 이벤트
situation_rare_crystals_deficit,Rare Crystal Shortages,희귀 크리스탈 부족
situation_red_giant_expansion,Red Giant Expansion,적색 거성 팽창
situation_reform_taxes_tt,Implant Taxes Reformed,삽입물 과세 개혁
situation_repeal_taxes_tt,Implant Taxes Repealed,삽입물 과세 폐지
situation_rewrite_implant_software_tt,Implant Software Rewrite,삽입물 소프트웨어 재작성
situation_sabotage,Black Needle Saboteurs,블랙 니들 공작원
situation_snow_hostile,Melt it. All.,전부 다 녹여 버리세요.
situation_snow_observation,Observe it Peacefully,조용히 관찰한다
situation_snow_very_hostile_tt,Exceptional Pyromaniacal Efforts,특수 방화 작업
situation_speed_tt,Situation Speed,상황 진행 속도
situation_stellarite_infested_star_type,Infested Star,감염된 항성
situation_stormfall,Stormfall,폭풍 출현
situation_stormfall_balanced,Balanced,균형
situation_stormfall_building,Storm Attraction Building,폭풍 유인 건물
situation_stormfall_chill,Chill,잠잠함
situation_stormfall_leader_ongoing,Leader Storm Boosting,지도자 폭풍 증폭
situation_stormfall_project_pause_desc,Special Project,특별 프로젝트
situation_stormfall_shredding,Shredding,파괴적
situation_stormfall_type,Origin Situation,기원 상황
situation_study_crystal_sphere_astral,Astral Method,아스트랄을 이용한 방법
situation_study_crystal_sphere_mundane,Mundane Method,평범한 방법
situation_study_crystal_sphere_observe,Observe and Report,관찰 및 보고
situation_study_crystal_sphere_type,Study Crystal Sphere,크리스탈 스피어 조사
situation_synth_queen_balanced_approach,Balanced Observation,균형 잡힌 관찰
situation_synth_queen_doomclock,Cetana's Work,세타나의 과업
situation_synth_queen_military_approach,Military Boost,군사 증진
situation_synth_queen_player_facing_type,The Synthetic Queen,합성체 여왕
situation_synth_queen_research_approach,Research Boost,연구 증진
situation_synth_queen_spy_approach,Espionage Boost,첩보 증진
situation_synthetic_fertility_approach_none,Economy First,경제 우선
situation_synthetic_fertility_approach_tech_low,Extra Funding,추가 자금 지원
situation_synthetic_fertility_approach_unity_high,Emergency Measures,비상조치
situation_synthetic_fertility_approach_unity_low,Virtual Designing,가상 설계
situation_synthetic_fertility_digitization,Rapid Identity Preservation,신속한 인격 보전
situation_synthetic_fertility_synthesization_careful,Careful Approach,신중한 접근
situation_synthetic_fertility_synthesization_full_speed,Full Speed,최고 속도
situation_tainted_voidspawn_type,Voidspawn Contaminant,공허 태생체 오염 물질
situation_test_subject_lottery_tt,Test Subject Lottery,피험자 추첨
situation_tests_paused_tt,Tests Paused,테스트 일시 정지
situation_the_seal,The Seal,봉인
situation_the_seal_do_nothing,Do Nothing,아무것도 안 한다
situation_the_seal_pump_exotic_gases,Pump Exotic Gases,외계 가스 펌프
situation_the_seal_weave_astral_fabric,Weave Astral Fabric,아스트랄 직물 직조
situation_toxic_knights_demotivation_tt,Demotivated Knights,사기가 떨어진 기사
situation_toxic_knights_frugal,Frugal Funding,인색한 후원
situation_toxic_knights_jobs_tt,Knight Jobs,기사 직업
situation_toxic_knights_motivation_tt,Motivated Knights,사기가 오른 기사
situation_toxic_knights_regular,Regular Funding,일반적인 후원
situation_toxic_knights_type,Knightly Quest,기사단 모험
situation_transformation,Transformation,대전환
situation_unplugged_faction_opinion_tt,Faction Support,세력 지지도
situation_unplugged_identity,Embodied Identity,체화된 정체성
situation_unplugged_identity_discourage_change,Status Quo,현상 유지
situation_unplugged_identity_embrace_opinion,Support Trend,지원 추세
situation_unplugged_identity_open_conversations,No Interference,불간섭
situation_unplugged_identity_opinion_settled_tt,Opinion Settled,여론 확정
situation_unplugged_identity_type,Embodied Identity Situation,체화된 정체성 상황
situation_unplugged_recent_events_tt,Recent Events,최근 이벤트
situation_voidworm_plague,Voidworm Plague,공허충 역병
situation_volatile_motes_deficit,Volatile Motes Shortages,불안정 분말 부족
starbase_ai,Contingency Core,컨틴전시 코어
starbase_ai_plural,Contingency Cores,컨틴전시 코어
starbase_buildings,Starbase Buildings,항성 기지 건물
starbase_caravaneer,Kiosk,키오스크
starbase_caravaneer_plural,Kiosks,키오스크
starbase_citadel,Citadel,항성 성채
starbase_citadel_plural,Citadels,항성 성채
starbase_constructions,Starbase Constructions,항성 기지 건설
starbase_exd,Dimensional Anchor,차원 닻
starbase_exd_0,Void Lair,공허 소굴
starbase_exd_0_plural,Void Lairs,공허 소굴
starbase_exd_plural,Dimensional Anchors,차원 닻
starbase_marauder,Bastion,우주 요새
starbase_marauder_plural,Bastions,우주 요새
starbase_modules,Starbase Modules,항성 기지 모듈
starbase_outpost,Outpost,전초 기지
starbase_outpost_plural,Outposts,전초 기지
starbase_starfortress,Star Fortress,항성 요새
starbase_starfortress_plural,Star Fortresses,항성 요새
starbase_starhold,Starhold,항성 거점
starbase_starhold_plural,Starholds,항성 거점
starbase_starport,Starport,항성 항구
starbase_starport_plural,Starports,항성 항구
starbase_stations,Starbases,항성 기지
starbase_swarm,Star Hive,항성 군체
starbase_swarm_plural,Star Hives,항성 군체
starbase_synth_queen,Queen's Rampart,여왕의 성곽
tech_2_researched,Offworld Construction Researched,외계 건축 연구 완료
tech_abusers,Tech Abusers,기술 남용자
tech_adaptive_bureaucracy,Adaptive Bureaucracy,적응형 관료제
tech_adaptive_bureaucracy_machine_intelligence,Positronic CPUs,양전자 CPU
tech_adaptive_combat_algorithms,Adaptive Combat Algorithms,적응형 전투 알고리즘
tech_administrative_ai,Administrative AI,행정 AI
tech_administrative_ai_hive_mind,Synaptic Enhancers,시냅스 강화 장치
tech_administrative_ai_machine_intelligence,Academic Optimization,학문 최적화
tech_advanced_industrial_storm_protection,Planetary Storm Nullification,폭풍 피해 차단 시설
tech_advanced_metallurgy_1,Ceramo-Metal Alloys,세라믹 금속 합금
tech_advanced_metallurgy_2,Durasteel-Laced Alloys,듀라스틸 보강 합금
tech_advanced_storm_manipulation,Advanced Storm Manipulation,첨단 폭풍 조작
tech_afterburners_1,Afterburners,재연소 장치
tech_afterburners_2,Advanced Afterburners,강화 재연소 장치
tech_akx_worm_1,Entropic Recursion,엔트로피 반복
tech_akx_worm_2,Doctrine: Strange Loop,교리: 기묘한 순환
tech_akx_worm_3,Omega Theory,오메가 이론
tech_alien_cloning,Artificial Breeding,인공 번식
tech_alien_life_studies,Xenology,외계학
tech_alien_sanctuary,Xeno Naturalization,외계종 귀화
tech_alien_topography,Alien Topography,외계 지지학
tech_alloy_fossilization,Alloy Fossilization,합금 화석화
tech_alloys_1,Holographic Casts,홀로그램 거푸집
tech_alloys_2,Nano-Separators,나노 분리기
tech_amoeba_strike_craft_1,Flagella Weaponization,편모 무기화
tech_antimatter_power,Antimatter Power,반물질 동력원
tech_arc_emitter_1,Arc Emitters,아크 방출기
tech_arc_emitter_2,Focused Arc Emitters,집속 아크 방출기
tech_arcane_deciphering,Arcane Deciphering,비전 해독
tech_archaeo_detection_scrambler,Ancient Target Scrambler,고대 표적 교란기
tech_archaeo_lasers,Ancient Cavitation Collapser,고대 공동 현상 붕괴기
tech_archaeo_mass_accelerator,Ancient Saturator Artillery,고대 과포화 함포
tech_archaeo_mass_drivers,Ancient Macro Batteries,고대 초대형 포대
tech_archaeo_overcharger,Ancient Shield Overcharger,고대 보호막 과충전기
tech_archaeo_pk_devolving_beam,Devolving Beam,퇴화 광선
tech_archaeo_rampart,Ancient Rampart,고대 성곽
tech_archaeo_refinery,Ancient Refinery,고대 정제소
tech_archaeo_strike_crafts,Ancient Driller Drones,고대 드릴 드론
tech_archaeo_titan_beam,Ancient Ruination Glare,고대 파멸 광선
tech_archaeoarmor,Ancient Pulse Armor,고대 파동 장갑
tech_archaeoshield,Ancient Suspension Field,고대 정지장
tech_archaeostudies,Archaeostudies,고대기술학
tech_archeology_lab,Curator Archaeology Lab,큐레이터 고고학 연구소
tech_arctic_colonization,Arctic Colonization,극지 행성 개척
tech_arid_colonization,Arid Colonization,건조 행성 개척
tech_armor_hardeners_1,Armor Hardening,장갑 경화
tech_armor_hardeners_2,Adaptive Armor Hardening,적응형 장갑 경화
tech_artificial_moral_codes,Artificial Moral Codes,인공 도덕 규범
tech_ascension_theory,Ascension Theory,승격 이론
tech_assault_armies,Interplanetary Expeditionary Forces,행성 간 원정군
tech_assembly_pattern,Assembly Patterns,조립 패턴
tech_assisted_detection,Advanced Detection Algorithms,강화 탐지 알고리즘
tech_asteroidal_carapace,Asteroidal Carapace,소행성 외피
tech_astral_harvesting,Astral Harvesting,아스트랄 채취
tech_atmospheric_manipulation,Atmospheric Manipulation,대기 조작
tech_atmospheric_orbital_mechanics,Atmospheric Orbital Mechanics,대기 궤도 메커니즘
tech_aura_minefield,Proximity Mines,근접 기뢰
tech_aura_nanobot,Nanobot Assemblers,나노봇 조립 장치
tech_aura_quantum_destabilizer,Quantum Destabilizer,양자 불안정화 장치
tech_aura_resonation,Aura Resonation,오라 공명기
tech_aura_shield_dampener,Shield Dampeners,보호막 완충 장치
tech_autocannons_1,Autocannons,오토캐논
tech_autocannons_2,Ripper Cannons,리퍼 캐논
tech_autocannons_3,Stormfire Cannons,스톰파이어 캐논
tech_autocurating_vault,Automated Curation Algorithms,자동 선별 알고리즘
tech_automated_exploration,Automated Exploration Protocols,자동 탐사 프로토콜
tech_automated_exploration_machine_intelligence,Autonomous Exploration Algorithms,자율형 탐사 알고리즘
tech_autonomous_agents,Autonomous Agents,자율 요원
tech_auxiliary_fire_control,Auxiliary Fire-control,보조 사격 통제기
tech_basic_health,Medical Care,의료 복지
tech_basic_industry,Industrial Base,산업 기지
tech_basic_science_lab_1,Scientific Method,과학 방법론
tech_basic_science_lab_2,Exotic Materials Labs,외계 물질 연구소
tech_basic_science_lab_3,Multi-Dimensional Studies,다차원 연구
tech_battleship_build_speed,Standardized Battleship Patterns,표준형 전함 양식
tech_battleship_hull_1,Improved Battleship Hulls,개량 전함 선체
tech_battleship_hull_2,Advanced Battleship Hulls,강화 전함 선체
tech_binary_motivators,Binary Motivators,이원적 동기 부여 장치
tech_bio_hyper_drive_1,Hyperspace Travel,초공간 항행
tech_bio_hyper_drive_2,Hyperlane Breach Points,초공간 항로 침투점
tech_bio_hyper_drive_3,Hyperspace Slipstreams,초공간 슬립스트림
tech_biomechanics,Biomechanics,생체 역학
tech_blue_crystal_weapon_1,Blue Crystal Capacitors,청색 크리스탈 콘덴서
tech_btc_1,Star Cracker,항성 분쇄기
tech_capacity_boosters,Capacity Boosters,능력 부스터
tech_capital_productivity_1,Improved Production,생산량 개선
tech_capital_productivity_2,Efficiencies of Scale,규모의 효율성
tech_capital_productivity_3,Maximized Productivity,생산성 최대화
tech_centralized_command,Centralized Command,중앙 지휘부
tech_centralized_command_hive_mind,Drone Command Centers,드론 지휘소
tech_centralized_command_machine_intelligence,Maintenance Command,정비 지휘부
tech_climate_restoration,Climate Restoration,기후 복원
tech_cloaking_1,Basic Cloaking Fields,기초 은폐 역장
tech_cloaking_2,Advanced Cloaking Fields,강화 은폐 역장
tech_cloaking_3,Elite Cloaking Fields,최첨단 은폐 역장
tech_cloaking_psi,Psi-Phase Field Generator,사이오닉 동조 역장 생성기
tech_cloning,Cloning,클론 기술
tech_cold_fusion_power,Cold Fusion Power,저온 핵융합 동력원
tech_collective_production_methods,Collective Production Methods,집단 생산 방식
tech_collective_self,The Collective Self,집단 자아
tech_colonial_bureaucracy,Colonial Bureaucracy,식민지 관료제
tech_colonial_centralization,Colonial Centralization,식민지 중앙 집권화
tech_colonization_1,New Worlds Protocol,신세계 프로토콜
tech_colonization_1_wilderness,New Worlds Initiative,신세계 계획
tech_colonization_2,Atmospheric Filtering,대기 여과 장치
tech_colonization_3,Hostile Environment Adaptation,적대적인 환경 적응
tech_colonization_4,Foreign Soil Enrichment,외계 토양 풍부화
tech_colonization_5,Eco-Integration Studies,생태 통합 연구
tech_colossus,Colossi,콜로서스
tech_combat_computers_1,Specialized Combat Computers,특수 전투 컴퓨터
tech_combat_computers_2,Extended Combat Algorithms,확장형 전투 알고리즘
tech_combat_computers_3,Sapient Combat Simulations,지능형 전투 시뮬레이션
tech_combat_computers_autonomous,Autonomous Ship Intellects,자율형 함선 지능
tech_combat_computers_bio_integration,Combat Computer Bio-integration,전투 컴퓨터 생체 통합
tech_combat_training,Combat Training,전투 훈련
tech_combat_training_machine_intelligence,Field Repairs,야전 수리
tech_command_matrix,Command Matrix,지휘 매트릭스
tech_compact_living,Compact Living,생활 방식 간소화
tech_consecration_fields,Consecration Fields,축성 역장
tech_construction_templates,Construction Templates,건설 견본
tech_consumer_good_refinement_1,Market Analysis Algorithms,시장 분석 알고리즘
tech_consumer_good_refinement_2,Predictive Consumerism,소비주의 예측
tech_containment_vessel,Curator Containment Protocols,큐레이터 격납 프로토콜
tech_continental_colonization,Continental Colonization,대륙 행성 개척
tech_controlled_mutations,Controlled Mutations,변이 제어
tech_controlled_mutations_2,Advanced Controlled Mutations,변이 제어 발전
tech_corvette_build_speed,Standardized Corvette Patterns,표준형 초계함 양식
tech_corvette_hull_1,Improved Corvette Hulls,개량 초계함 선체
tech_corvette_hull_2,Advanced Corvette Hulls,강화 초계함 선체
tech_cosmogenesis_FE_titan,Paradox Titan,패러독스 타이탄
tech_cosmogenesis_battlecruiser,Enigma Battlecruiser,불가사의 순양 전함
tech_cosmogenesis_crisis_1,Exponential Learning Theory,지수 학습 이론
tech_cosmogenesis_crisis_2,Gravitic Brush,중력 붓
tech_cosmogenesis_crisis_3,Theoretical Infinity Thesis,이론적 무한 테제
tech_cosmogenesis_crisis_5,Nascent Universes,신생 우주
tech_cosmogenesis_escort,Riddle Escort,수수께끼 경호함
tech_cosmogenesis_harbinger,Maze Harbinger,미로 하빈저
tech_cosmogenesis_mauler,Cipher Mauler,암호 마울러
tech_cosmogenesis_stinger,Cryptic Stinger,신비 스팅어
tech_cosmogenesis_thesis,Applied Infinity Thesis,응용 무한 테제
tech_cosmogenesis_weaver,Quandary Weaver,딜레마 위버
tech_cosmogenesis_world,Scalable Reservoir Computing,확장형 축적 컴퓨터
tech_critter_feeder,Fruit Gardens,과일 정원
tech_cruiser_build_speed,Standardized Cruiser Patterns,표준형 순양함 양식
tech_cruiser_hull_1,Improved Cruiser Hulls,개량 순양함 선체
tech_cruiser_hull_2,Advanced Cruiser Hulls,강화 순양함 선체
tech_cryostasis,Cryostasis,냉동 수면 기술
tech_cryostasis_1,Automated Colony Ships,자동화 개척선
tech_cryostasis_1_machine_intelligence,Colony Fabrication Drones,식민지 건설 드론
tech_cryostasis_1_wilderness,Seedling Incubation,묘목 배양
tech_cryostasis_2,Self-Aware Colony Ships,자기 인식 개척선
tech_cryostasis_2_wilderness,Permanent Incubation,영구적 배양
tech_cryovault,Frozen World Habitats,얼음 행성 거주지
tech_crystal_armor_1,Crystal-Infused Plating,크리스탈 주입 판금
tech_crystal_armor_2,Crystal-Forged Plating,크리스탈 단조 판금
tech_cultural_heritage,Sociocultural History,사회 문화사
tech_curator_lab,Curator Exploration Lab,큐레이터 탐사 연구소
tech_dangerous_wildlife,Dangerous Wildlife Removal,위험한 야생 생물 제거
tech_dark_matter_deflector,Dark Matter Deflectors,암흑 물질 편향막
tech_dark_matter_detection,Dark Matter Detection,암흑 물질 탐지
tech_dark_matter_power_core,Dark Matter Power,암흑 물질 동력원
tech_dark_matter_propulsion,Dark Matter Propulsion,암흑 물질 추진
tech_databank_uplinks,Databank Uplinks,데이터 뱅크 업링크
tech_databank_uplinks_hive_mind,Collective Contemplation,집단 명상
tech_decryption_1,Quantum Hacking,양자 해킹
tech_decryption_2,Simulated Social Engineering,사회 공학 시뮬레이션
tech_decryption_3,Quasi-Dimensional Reflection,유사 차원 반영
tech_deep_scan,Deep Scan Instruments,심우주 스캔 장치
tech_deep_scan_desc,"""Unused"" # TEMP","""미사용"" #TEMP"
tech_deep_sinkhole,Subterranean Colonization,지하 식민지 개척
tech_defense_platform_hull_1,Improved Structural Integrity,구조적 안정성 개선
tech_dense_jungle,Selective Defoliants,선별적 고엽제
tech_desert_colonization,Desert Colonization,사막 행성 개척
tech_destroyer_build_speed,Standardized Destroyer Patterns,표준형 구축함 양식
tech_destroyer_hull_1,Improved Destroyer Hulls,개량 구축함 선체
tech_destroyer_hull_2,Advanced Destroyer Hulls,강화 구축함 선체
tech_detection_array,Detection Array,탐지 배열체
tech_diplo_weight_1,Technocrat,기술 관료
tech_disruptors_1,Disruptors,분열기
tech_disruptors_2,Ion Disruptors,이온 분열기
tech_disruptors_3,Phase Disruptors,위상 분열기
tech_doctrine_fleet_size_1,Doctrine: Space Combat,교리: 우주 전투
tech_doctrine_fleet_size_2,Doctrine: Reactive Formations,교리: 반응형 대형
tech_doctrine_fleet_size_3,Doctrine: Interstellar Warfare,교리: 성간 전쟁
tech_doctrine_navy_size_1,Doctrine: Fleet Support,교리: 함대 지원
tech_doctrine_navy_size_2,Doctrine: Support Vessels,교리: 지원 함선
tech_doctrine_navy_size_3,Doctrine: Interstellar Logistics,교리: 성간 군수
tech_doctrine_navy_size_4,Doctrine: Fleet Liaisons,교리: 함대 연락 부대
tech_dragon_armor,Artificial Dragonscales,인공 드래곤 비늘
tech_droid_workers,Artificial Specialists,인공 전문가
tech_dyson_swarm,Dyson Swarm,다이슨 위성군
tech_eco_simulation,Eco Simulation,생태 시뮬레이션
tech_ecological_adaptation,Ecological Adaptation,생태계 적응
tech_effective_bureaucracy,Effective Bureaucracy,효과적 관료제
tech_embodied_dynamism,Embodied Dynamism,역동성 탑재
tech_encryption_1,Quantum Firewalls,양자 방화벽
tech_encryption_2,Simultaneous-Collapse Storage,동시 붕괴 저장소
tech_encryption_3,Negative-Time Keys,음의 시간 키
tech_energy_lance_1,Particle Lances,파티클 랜스
tech_energy_lance_2,Tachyon Lances,타키온 랜스
tech_energy_torpedoes_1,Proton Launchers,양성자 발사기
tech_energy_torpedoes_2,Neutron Launchers,중성자 발사기
tech_engineering_1,Nanomechanics,나노 역학
tech_engineering_2,Self-Connecting Circuitry,자가 연결 회로
tech_engineering_3,Supersolid Materials,초고체 소재
tech_engos_vapor,Engos Vapor Refining,엔고스 증기 정제
tech_enhanced_cryosleep_sedatives,Enhanced Cryosleep Sedatives,냉동 수면 안정제 강화
tech_enigmatic_decoder,Enigmatic Decoder,알 수 없는 디코더
tech_enigmatic_disruption_field,Enigmatic Disruption Field,알 수 없는 교란 역장
tech_enigmatic_encoder,Enigmatic Encoder,알 수 없는 인코더
tech_epigenetic_triggers,Epigenetic Triggers,후생적 변이 촉발
tech_ethical_equations,Ethical Equations,윤리 방정식
tech_event_crystal_bounty,Hidden,미공개
tech_executive_retreat,Executive Leisure Program,경영자 휴양 프로그램
tech_existential_campaigns,Existential Campaigns,실존적 전쟁
tech_exotic_gases,Exotic Gas Refining,외계 가스 정제
tech_experimental_subspace_navigation,Speculative Hyperlane Breaching,추측성 초공간 항로 돌파
tech_extra_large_space_fauna_build_speed,Standardized Huge-Scale Cloning,초대형 클론 복제 표준화
tech_extradimensional_weapon_1,Extradimensional Weaponry,타 차원 무기
tech_fe_administration_1,Fractal Administration Processes,프랙털 행정 절차
tech_fe_administration_2,Quantic Administration Processes,양자 행정 절차
tech_federation_code,Federation Code,연방 법규
tech_fission_power,Fission Power,핵분열 동력원
tech_flak_batteries_1,Flak Battery,대공 포대
tech_flak_batteries_2,Flak Cannons,대공 캐논
tech_flak_batteries_3,Flak Artillery,대공 함포
tech_food_processing_1,Food Processing,식량 가공
tech_food_processing_2,Advanced Food Processing,첨단 식량 가공
tech_free_enterprises,Free Enterprises,자유 기업
tech_frontier_collectives,Frontier Collectives,개척 공동체
tech_frontier_commissars,Frontier Commissars,개척 감독
tech_frontier_health,Genetic Healthcare,유전자 의료
tech_frontier_health_machine_intelligence,Modular Components,모듈식 부품
tech_frontier_hospital,Cyto-Revitalization,세포 재활성화
tech_frontier_hospital_machine_intelligence,Intelligent Factories,지능적 공장
tech_frontier_initiatives,Frontier Initiatives,개척 계획
tech_frontier_traditions,Frontier Traditions,개척 전통
tech_frozen,Technological Development Frozen,기술 개발 동결
tech_ftl_inhibitor,FTL Inhibition,초광속 억제
tech_fusion_power,Fusion Power,핵융합 동력원
tech_gaia_creation,Gaia Creation,가이아 생성
tech_galactic_administration,Galactic Administration,은하계 행정
tech_galactic_ambitions,Stellar Expansion,성계 영역 확장
tech_galactic_archivism,Galactic Archivism,은하계 기록 보존술
tech_galactic_bureaucracy,Galactic Bureaucracy,은하계 관료제
tech_galactic_campaigns,Galactic Campaigns,은하 전쟁
tech_galactic_markets,Galactic Markets,은하 시장
tech_gargantuan_evolution,Gargantuan Evolution,엄청난 진화
tech_gateway_activation,Gateway Activation,게이트웨이 가동
tech_gateway_construction,Gateway Construction,게이트웨이 건설
tech_gene_banks,Gene Banks,유전자은행
tech_gene_crops,Gene Crops,유전자 작물
tech_gene_expressions,Targeted Gene Expressions,표적 유전자 발현
tech_gene_seed_purification,Gene Seed Purification,유전자 씨앗 정화
tech_gene_tailoring,Gene Tailoring,유전자 맞춤 조작
tech_genome_mapping,Genome Mapping,유전체 지도 제작
tech_georadiation_terraforming,Georadiation Terraforming,지오라디에이션 테라포밍
tech_glandular_acclimation,Glandular Acclimation,선천적 순응
tech_global_defense_grid,Global Defense Grid,전역 방위망
tech_global_production_strategy,Global Production Strategy,전역 생산 전략
tech_global_research_initiative,Interplanetary Research Initiative,행성 간 연구 계획
tech_gravity_snare_capacity_1,Micro Singularity Enhancements,미세 특이점 강화
tech_gravity_snare_capacity_2,Gravity Manipulation Optimization,중력 조작 최적화
tech_gravity_snare_capacity_3,Containment System Improvement,격납 시스템 개선
tech_gravity_wells,Gravity Snares,중력 올가미
tech_green_crystal_weapon_1,Green Crystal Capacitors,녹색 크리스탈 콘덴서
tech_ground_defense_planning,Ground Defense Planning,지상 방위 계획 수립
tech_growth_chamber_1,Growth Chamber,생장실
tech_habitat_2,Habitat Expansion,거주지 확장
tech_habitat_3,Advanced Space Habitation,고급 우주 거주지
tech_harbinger_build_speed,Standardized Harbinger Incubation,표준형 하빈저 부화
tech_harbinger_growth_1,Improved Harbinger Development,개선된 하빈저 발달
tech_harbinger_growth_2,Advanced Harbinger Development,진보된 하빈저 발달
tech_heritage_site,Heritage Sites,문화유산
tech_heritage_site_corporate,Focus-Tested Management,집중 검증 관리
tech_heritage_site_machine_intelligence,Planetary Communications,행성 통신
tech_hive_cluster,Clustered Synapses,군집 시냅스
tech_hive_node,Synaptic Structures,시냅스 구조물
tech_holo_entertainment,Holo-Entertainment,홀로그램 엔터테인먼트
tech_holographic_rituals,Holographic Rituals,홀로그램 의식
tech_housing_1,Weather Control Systems,기상 제어 시스템
tech_housing_2,Anti-Gravity Engineering,반중력 공학
tech_housing_agrarian_idyll,Agrarian Utopias,농업 유토피아
tech_hydroponics,Hydroponics Farming,수경 재배 농업
tech_hyper_drive_bio_integration,Hyperdrive Bio-integration,초공간 드라이브 생체 통합
tech_hyper_entertainment_forum,Hyper-Entertainment Forum,하이퍼 엔터테인먼트 포럼
tech_hyper_relays,Hyper Relays,초공간 중계기
tech_hypercomms_forum,Local Hypercommunication,지역 초광속 통신
tech_hypercomms_forum_corporate,Post-Relativistic Synergizing,포스트 상대론 시너지
tech_hyperlane_mapping,Hyperlane Mapping,초공간 항로 지도화
tech_identity_copy,Identity Copies,인격 사본
tech_identity_fusion,Identity Fusion,인격 융합
tech_identity_initialization,Identity Initialization,인격 생성
tech_improved_databank_uplinks,Uplink Miniaturization,업링크 소형화
tech_improved_databank_uplinks_hive_mind,Deeper Collective Contemplation,심층 집단 명상
tech_improved_incubators,Improved Incubators,인큐베이터 개선
tech_industrial_farming,Industrial Agriculture,산업형 농업
tech_industrial_storm_protection,Planetary Storm Negation,폭풍 피해 완화 시설
tech_integrated_cybernetics,Integrated Cybernetics,통합 사이버네틱스
tech_integrated_cybernetics_machine_intelligence,Adaptive Cybernetics,적응형 사이버네틱스
tech_interplanetary_commerce,Interplanetary Commerce,행성 간 상거래
tech_interstellar_campaigns,Interstellar Campaigns,성간 전쟁
tech_interstellar_economics,Interstellar Economics,성간 경제
tech_interstellar_fleet_traditions,Interstellar Fleet Traditions,성간 함대 전통
tech_juggernaut,Juggernaut,저거너트
tech_jump_drive_1,Jump Drive,점프 드라이브
tech_kinetic_artillery_1,Kinetic Battery,운동 에너지형 포대
tech_kinetic_artillery_2,Kinetic Artillery,운동 에너지형 함포
tech_large_space_fauna_build_speed,Standardized Large-Scale Cloning,대형 클론 복제 표준화
tech_lasers_1,Red Lasers,적색 레이저
tech_lasers_2,Blue Lasers,청색 레이저
tech_lasers_3,UV Lasers,자외선 레이저
tech_lasers_4,X-Ray Lasers,X선 레이저
tech_lasers_5,Gamma Lasers,감마 레이저
tech_leviathan_techgenesis,Leviathan Tech Genesis,레비아탄 기술 창조
tech_leviathan_transgenesis,Leviathan Transgenesis,레비아탄 유전자 도입
tech_lgate_activation,L-Gate Activation,L-게이트 활성화
tech_lithoid_transgenesis,Silicate Transgenesis,규소류 유전자 도입
tech_living_state,The Living State,살아 있는 국가
tech_living_test_subjects,Living Test Subjects,생체 실험 대상
tech_lost_building_methods,Lost Building Methods,잃어버린 건설법
tech_luxuries_1,Nano-Circuit Assembly,나노 회로 조립
tech_luxuries_2,Replicator Kiosks,복제기 키오스크
tech_manifest_destiny,Manifest Destiny,운명 실현
tech_mass_accelerator_1,Mega Cannon,메가 캐논
tech_mass_accelerator_2,Giga Cannon,기가 캐논
tech_mass_drivers_1,Mass Drivers,매스 드라이버
tech_mass_drivers_2,Coilguns,코일건
tech_mass_drivers_3,Railguns,레일건
tech_mass_drivers_4,Advanced Railguns,강화 레일건
tech_mass_drivers_5,Gauss Cannons,가우스 캐논
tech_massive_glacier,Climate Control Network,기후 통제망
tech_matter_generator,Matter Generation,물질 생성
tech_mauler_build_speed,Standardized Mauler Incubation,표준형 마울러 부화
tech_mauler_growth_1,Improved Mauler Development,개선된 마울러 발달
tech_mauler_growth_2,Advanced Mauler Development,진보된 마울러 발달
tech_mechanized_mining,Mechanized Mining,기계화 채굴
tech_medium_space_fauna_build_speed,Standardized Medium-Scale Cloning,중형 클론 복제 표준화
tech_mega_assembly,Mega-Assembly Systems,거대 조립 체계
tech_mega_engineering,Mega-Engineering,거대 공학
tech_mega_shipyard,Mega Shipyard,거대 조선소
tech_metabolic_gases,Metabolic Gases,신진대사 가스
tech_micro_replicators,Micro-Replicators,초소형 복제기
tech_mine_aldar,Aldar Polishing,알다르 연마
tech_mine_betharian,Betharian Refining,베타리안 정제
tech_mine_dark_matter,Dark Matter Drawing,암흑 물질 추출
tech_mine_exotic_gases,Exotic Gas Extraction,외계 가스 추출
tech_mine_garanthium,Garanthium Mining,가란튬 채굴
tech_mine_living_metal,Living Metal,생체 금속
tech_mine_neutronium,Neutronium Extraction,뉴트로늄 추출
tech_mine_orillium,Orillium Mining,오릴륨 채굴
tech_mine_rare_crystals,Rare Crystal Mining,희귀 크리스탈 채굴
tech_mine_satramene,Satramene Refining,사트라민 정제
tech_mine_volatile_motes,Mote Stabilization,분말 안정화
tech_mine_zro,Zro Distillation,즈로 증류
tech_mine_zro_desc.2,by psionically-gifted,사이오닉 재능을 타고난
tech_mineral_purification_1,Mineral Purification,광물 정제
tech_mineral_purification_2,Advanced Mineral Purification,강화 광물 정제
tech_mining_1,Geothermal Fracking,지열 파쇄
tech_mining_2,Deep Core Mining,심핵 채굴
tech_mining_3,Mineral Isolation,광물 분리
tech_mining_drone_weapon_1,Mining Drone Lasers,채굴 드론 레이저
tech_mining_station_improvement_1,On-Site Processing,현장 가공
tech_mining_station_improvement_2,Autonomous Mining Operations,자율적 채굴 작업
tech_missiles_1,Nuclear Missiles,핵미사일
tech_missiles_2,Fusion Missiles,핵융합 미사일
tech_missiles_3,Antimatter Missiles,반물질 미사일
tech_missiles_4,Quantum Missiles,양자 미사일
tech_missiles_5,Marauder Missiles,약탈자 미사일
tech_modular_engineering,Modular Engineering,모듈 공학
tech_morphogenetic_field_mastery,Morphogenetic Field Mastery,형태 발생 역장 통달
tech_mountain_range,Planetary Resurfacing,행성 평탄화
tech_nanite_assemblers,Nanite Assemblers,나노봇 조립 장치
tech_nanite_autocannon,Nanite Autocannon,나노봇 오토캐논
tech_nanite_flak_batteries,Nanite Flak Battery,나노봇 대공 포대
tech_nanite_repair_system,Nanite Repair System,나노봇 수리 시스템
tech_nanite_repair_system_synth_queen,Cetana's Nanites,세타나의 나노봇
tech_nanite_transmutation,Nanite Transmutation,나노봇 변환
tech_nano_vitality_crops,Nano-Vitality Crops,나노 활력 작물
tech_neural_implants,Neural Implants,신경 삽입물
tech_neuro_quantum_links,Quantum Neuro-Links,양자 신경 링크
tech_neuroregeneration,Neural Tissue Engineering,신경 조직 공학
tech_new_numbers,New Numbers,새로운 숫자
tech_node_culling_1,Rudimentary Node Culling,낙후 노드 퇴출
tech_node_culling_2,Basic Node Culling,기본 노드 퇴출
tech_node_culling_3,Advanced Node Culling,진보된 노드 퇴출
tech_node_reformatting_1,Rudimentary Node Reformatting,낙후 노드 재포맷
tech_node_reformatting_2,Basic Node Reformatting,기본 노드 재포맷
tech_node_reformatting_3,Advanced Node Reformatting,진보된 노드 재포맷
tech_noxious_swamp,Xeno-Hydraulic Mastery,외계 수력학 통달
tech_nutrient_replication,Nutrient Replication,영양소 복제
tech_ocean_colonization,Ocean Colonization,해양 행성 개척
tech_orbital_arc_furnace,Arc Furnace,아크 용광로
tech_orbital_hydroponics,Orbital Hydroponics,궤도 수경 재배
tech_orbital_maneuvers,Advanced Orbital Maneuvers,첨단 궤도 기동
tech_orbital_ring_tier_1,Orbital Rings,오비탈 링
tech_orbital_sensor_array,Orbital Sensor Arrays,궤도 감지 배열망
tech_orbital_trash_dispersal,Orbital Trash Dispersal,궤도 폐기물 투하
tech_ordered_retreat,Ordered Retreat,퇴각 명령
tech_paradise_dome,Idyllic Architecture,목가적 건축 양식
tech_pd_tracking_1,Active Countermeasures,능동 대응
tech_pd_tracking_2,Interlinked Support Systems,상호 연계 지원 체계
tech_pd_tracking_3,Predictive Algorithms,예측 알고리즘
tech_penal_colonies,Penal Colonies,형벌 식민지
tech_perdition_beam,Perdition Beam,징벌 광선
tech_physics_1,Quantum Computing,양자 컴퓨터
tech_physics_2,Unified Field Theory,통일 역장 이론
tech_physics_3,Quantum Gravitational Waves,양자 중력파
tech_pirate_starting,Pirate Only Tech,해적 전용 기술
tech_pitharan_dust,Pitharan Dust Refining,피타란 분진 정제
tech_pk_cracker,Core Cracking,코어 분쇄
tech_pk_godray,Divine Stimulus,신성 자극
tech_pk_nanobots,Atmospheric Nanobot Dispersal,대기 중 나노봇 살포
tech_pk_neutron,Neutron Sweeping,중성자 정화
tech_pk_shielder,Global Pacification,천체 격리
tech_pk_smelter,Planet Smelting,행성 제련
tech_planetary_defenses,Planetary Defenses,행성 방어
tech_planetary_government,Planetary Government,행성 정부
tech_planetary_government_hive_mind,Planetary Plexus,행성 신경계
tech_planetary_government_machine_intelligence,Planetary Instantiation,행성 인스턴스화
tech_planetary_infrastructure_1,Ceramo-Metal Infrastructure,세라믹 금속 기반 시설
tech_planetary_infrastructure_2,Durasteel Infrastructure,듀라스틸 기반 시설
tech_planetary_shield_generator,Planetary Shields,행성 보호막
tech_planetary_unification,Planetary Unification,행성 통일
tech_planetary_unification_hive_mind,Evolutionary Convergence,진화 수렴
tech_planetary_unification_machine_intelligence,Uniform Data Standards,공통 데이터 표준
tech_plantoid_transgenesis,Botanical Transgenesis,식물 유전자 도입
tech_plasma_0,Plasma Emitter,플라스마 방출기
tech_plasma_1,Plasma Throwers,플라스마 방사기
tech_plasma_2,Plasma Accelerators,플라스마 가속기
tech_plasma_3,Plasma Cannons,플라스마 캐논
tech_positronic_implants,Positronic Implants,양전자 삽입물
tech_positronic_implants_machine_intelligence,Positronic Processors,양전자 연산기
tech_power_hub_1,Global Energy Management,전역 에너지 관리
tech_power_hub_2,Planetary Power Grid,행성 전력망
tech_power_plant_1,High-Energy Capacitors,고에너지 콘덴서
tech_power_plant_2,Field Modulation,역장 조절
tech_power_plant_3,Quantum Energy States,양자 에너지 상태
tech_power_plant_4,Quantum Field Manipulation,양자 역장 조작
tech_powered_exoskeletons,Powered Exoskeletons,동력형 외골격
tech_powered_exoskeletons_machine_intelligence,Improved Servomotors,개량 서보모터
tech_precognition_interface,Precognition Interface,예지 인터페이스
tech_predatory_tactics,Predatory Tactics,포식성 전술
tech_prescient_data_modeling,Numistic Data Modeling,누마 데이터 모델링
tech_probability_theory,Organic Probability Theory,유기체 확률 이론
tech_psi_jump_drive_1,Psi Jump Drive,사이오닉 점프 드라이브
tech_psi_jump_drives,Psi Jump Drives,사이오닉 점프 드라이브
tech_psionic_barrier,Psionic Barrier,사이오닉 장벽
tech_psionic_bombers,Psionic Bombers,사이오닉 폭격기
tech_psionic_disruptor,Psionic Disruptors,사이오닉 분열기
tech_psionic_lightning,Psionic Lightning,사이오닉 라이트닝
tech_psionic_shield,Psionic Shields,사이오닉 보호막
tech_psionic_theory,Psionic Theory,사이오닉 이론
tech_purity_campaigns,Purity Campaigns,순수성 운동
tech_pyroclastic_resonation,Pyroclastic Resonation,화쇄류 공명 현상
tech_quantum_catapult,Quantum Catapult,양자 발사 장치
tech_quicksand_basin,Soil Remediation,토양 복원
tech_rare_crystals,Rare Crystal Manufacturing,희귀 크리스탈 제조
tech_reactor_booster_1,Reactor Boosters,반응로 부스터
tech_reactor_booster_2,Improved Reactor Boosters,개량 반응로 부스터
tech_reactor_booster_3,Advanced Reactor Boosters,강화 반응로 부스터
tech_red_crystal_weapon_1,Red Crystal Capacitors,적색 크리스탈 콘덴서
tech_refit_standards,Refit Standards,개조 표준화
tech_refit_standards_beastmasters,Hatchery Optimization,부화장 최적화
tech_regenerative_hull_tissue,Regenerative Hull Tissue,재생형 선체 조직
tech_repeatable_command_limit,Admiralty Support Staff,제독 지원 참모
tech_repeatable_improved_armor_output,Matter Compression,물질 압축
tech_repeatable_improved_army_damage,Aggressive Conditioning,공격적 훈련
tech_repeatable_improved_army_health,Nerve Dampeners,신경 완충 장치
tech_repeatable_improved_core_system_cap,Administrative Efficiency,행정 효율성
tech_repeatable_improved_edict_length,Proclamation Broadcasts,선언 방송
tech_repeatable_improved_leader_cap,Sapient Resource Management,지성체 자원 관리
tech_repeatable_improved_leader_life_span,Cell Revitalization,세포 활성화
tech_repeatable_improved_military_station_damage,Synchronized Firing Patterns,동기화 사격 패턴
tech_repeatable_improved_military_station_health,Fortified Core Layers,강화 코어층
tech_repeatable_improved_planet_sensor_range,Planetary Signal Boosters,행성 신호 부스터
tech_repeatable_improved_sector_cap,Communication Protocols,통신 프로토콜
tech_repeatable_improved_shield_output,Shield Harmonics,보호막 고조파
tech_repeatable_improved_ship_health,Hull Integrity,선체 안정성
tech_repeatable_improved_slave_mineral_output,Stimulant Diet,자극제 식단
tech_repeatable_improved_starbase_capacity,Interstellar Expansion,성간 확장
tech_repeatable_improved_tile_energy_output,Applied Superconductivity,응용 초전도
tech_repeatable_improved_tile_food_output,Transgenic Crops,유전자 이식 작물
tech_repeatable_improved_tile_mineral_output,Extraction Patterns,추출 패턴
tech_repeatable_naval_cap,Fleet Management Procedures,함대 관리 절차
tech_repeatable_reduced_building_cost,Gravitational Analysis,중력 분석
tech_repeatable_reduced_building_time,Assembly Algorithms,조립 알고리즘
tech_repeatable_reduced_leader_cost,Talent Acquisition,인재 확보
tech_repeatable_reduced_leader_cost_machine_intelligence,Personality Safeguards,인격 보호
tech_repeatable_weapon_type_energy_damage,Focusing Arrays,사격 집중 배열
tech_repeatable_weapon_type_energy_fire_rate,Flash Coolant,순간 냉각제
tech_repeatable_weapon_type_explosive_damage,Thermodynamic Yield Control,열역학 수율 통제
tech_repeatable_weapon_type_explosive_fire_rate,Miniaturized Pre-Igniters,소형 선점화 장치
tech_repeatable_weapon_type_kinetic_damage,High-Density Munitions,고밀도 탄약
tech_repeatable_weapon_type_kinetic_fire_rate,Loader Efficiency,적재 장치 효율성
tech_repeatable_weapon_type_strike_craft_fire_damage,Synapse Interceptors,시냅스 요격기
tech_repeatable_weapon_type_strike_craft_fire_rate,Iterative Pilot Training,반복적인 조종 훈련
tech_resort_colonies,Resort Worlds,리조트 행성
tech_resource_processing_algorithms,Resource Processing Algorithms,자원 가공 알고리즘
tech_rift_sphere,Rift Sphere,균열 스피어
tech_rift_sphere_plural,Rift Spheres,균열 스피어
tech_robomodding,Machine Template System,기계 견본 체계
tech_robomodding_points_1,Cross-Model Standardization,모델 간 표준화
tech_robomodding_points_2,Fungible Circuitry,대체 가능 회로
tech_robot_assembly_complex,Robotic Assembly Systems,로봇 조립 체계
tech_robotic_workers,Artificial Workforce,인공 노동력
tech_sapient_ai,Positronic AI,양전자 AI
tech_satisfying_insults,Satisfying Insults,만족스러운 모욕
tech_scourge_missile_1,Scourge Missiles,스컬지 미사일
tech_secrets_baol,Baol Organic Plant,바올 유기체 공장
tech_secrets_cybrex,Cybrex Mining Hub,사이브렉스 채굴 허브
tech_secrets_irassian,Irassian Naval Yards,이라시아 해군 조선소
tech_secrets_vultaum,Vultaum Reality Computer,벌타움 현실 컴퓨터
tech_secrets_yuht,Yuht Astronomical Interferometer,유트 천문 간섭계
tech_secrets_zroni,Zroni Storm Caster,즈로니 폭풍 생성기
tech_selected_lineages,Selected Lineages,혈통 선발
tech_self_assembling_components,Self-Assembling Components,자체 조립 구성품
tech_self_aware_logic,Self-Evolving Logic,자가 진화 논리
tech_self_aware_logic_desc,Introspective prioritization.,내면을 성찰해 우선순위를 정합니다.
tech_self_aware_logic_desc_hive_mind,Indivisible unity apart.,불가분의 통합성을 분리합니다.
tech_self_aware_logic_hive_mind,Autonomous Synapses,자율 시냅스
tech_sensors_2,Gravitic Sensors,중력 감지기
tech_sensors_3,Subspace Sensors,아공간 감지기
tech_sensors_4,Tachyon Sensors,타키온 감지기
tech_sensors_bio_integration,Sensor Bio-integration,감지기 생체 통합
tech_shield_hardeners_1,Shield Hardening,보호막 경화
tech_shield_hardeners_2,Advanced Shield Hardening,강화 보호막 경화
tech_shield_recharge_aura_1,Capacitor Fields,콘덴서 역장
tech_shield_rechargers_1,Shield Capacitors,보호막 콘덴서
tech_shields_1,Deflectors,편향막
tech_shields_2,Improved Deflectors,개량 편향막
tech_shields_3,Shields,보호막
tech_shields_4,Advanced Shields,강화 보호막
tech_shields_5,Hyper Shields,초강화 보호막
tech_ship_armor_1,Nanocomposite Materials,나노 합성 소재
tech_ship_armor_2,Ceramo-Metal Materials,세라믹 금속 소재
tech_ship_armor_3,Plasteel Materials,플라스틸 소재
tech_ship_armor_4,Durasteel Materials,듀라스틸 소재
tech_ship_armor_5,Neutronium Materials,뉴트로늄 소재
tech_ship_hull_storm_breaker_1,Storm Dampening Generators,폭풍 완충 역장 생성기
tech_ship_hull_storm_breaker_2,Storm Breaker Coating,폭풍 차단 코팅
tech_ship_storm_weapons_1,Payload Padding,화력 보호재
tech_ship_storm_weapons_2,Tempest Cage Architecture,폭풍 봉쇄 설계
tech_slave_colonies,Thrall-Worlds,노예 행성
tech_small_space_fauna_build_speed,Standardized Small-Scale Cloning,소형 클론 복제 표준화
tech_society_1,Xenobiology,외계 생물학
tech_society_2,Neural Weaving,신경 직조
tech_society_3,Biostructural Synthesis,생체 구조 합성
tech_solar_panel_network,Orbital Energy Conversion,궤도 에너지 변환
tech_space_cloud_weapon_1,Cloud Lightning Conduits,공허 구름 번개 도관
tech_space_construction,Offworld Construction,외계 건설
tech_space_defense_station_1,Deep Space Defenses,심우주 방어
tech_space_defense_station_2,Deep Space Stations,심우주 기지
tech_space_defense_station_3,Deep Space Installations,심우주 시설
tech_space_defense_station_improvement,Corps of Engineers,공병단
tech_space_defense_station_improvement_machine_intelligence,Optimized Station Construction,기지 건설 최적화
tech_space_exploration,Space Exploration,우주 탐사
tech_space_mining_1,Zero-G Refineries,무중력 정제소
tech_space_mining_2,Long-Range Mineral Scanners,장거리 광물 스캐너
tech_space_mining_3,Mineral Cutting Beams,광물 절단 광선
tech_space_mining_4,Autonomous Mining Drones,자율 채굴 드론
tech_space_mining_5,Nanite Mineral Probes,나노봇 광물 탐사정
tech_space_science_1,Zero-G Laboratories,무중력 연구소
tech_space_science_2,Miniature Containment Fields,소형 봉쇄 역장
tech_space_science_3,Quantum Probes,양자 탐사정
tech_space_science_4,Autonomous Station Protocols,자율 기지 프로토콜
tech_space_science_5,Multi-Dimensional Analysis,다차원 분석
tech_space_trading,Offworld Trade Companies,외우주 무역 상사
tech_space_whale_weapon_1,Frequency Tuning,주파수 조율
tech_starbase_1,Starbase Construction,항성 기지 건설
tech_stellar_absorption,Stellar Absorption,항성 흡수
tech_stinger_build_speed,Standardized Stinger Incubation,표준형 스팅어 부화
tech_stinger_growth_1,Improved Stinger Development,개선된 스팅어 발달
tech_stinger_growth_2,Advanced Stinger Development,진보된 스팅어 발달
tech_storm_manipulation,Storm Manipulation,폭풍 조작
tech_storm_prediction_1,Cosmic Weather Models,우주 기상 모형
tech_storm_prediction_2,Probability Current,확률 흐름 분석
tech_strike_craft_1,Carrier Operations,모함 공격기
tech_strike_craft_2,Improved Strike Craft,개량 공격기
tech_strike_craft_3,Advanced Strike Craft,강화 공격기
tech_strike_craft_skrand,Skravird Strike Craft,스크라비르드 공격기
tech_subdermal_stimulation,Subdermal Stimulation,피하 자극
tech_subspace_drive,Subspace Drive,아공간 드라이브
tech_supreme_alloy,Supreme Alloy,최고의 합금
tech_swarm_strike_craft_1,Swarm Spawning Pools,무리 산란장
tech_swarmer_missiles_1,Swarmer Missiles,군집 미사일
tech_swarmer_missiles_2,Whirlwind Missiles,선풍 미사일
tech_symbol_unity,Symbols of Unity,통합의 상징
tech_synchronized_defences,Synchronized Defenses,통합 방어
tech_synchronized_work_patterns,Synchronized Work Patterns,작업 패턴 동기화
tech_synth_queen_knowledge,Cetana's Thought,세타나의 생각
tech_synthetic_leaders,Artificial Personality Matrix,인공 인격 매트릭스
tech_synthetic_thought_patterns,Synthetic Thought Patterns,합성체 사고 패턴
tech_synthetic_workers,Artificial Administration,인공 행정가
tech_telepathy,Telepathy,텔레파시
tech_temple_of_transportation,Temple of Transportation,수송의 전당
tech_terrestrial_sculpting,Terrestrial Sculpting,지각 재형성
tech_thought_enforcement,Thought Enforcement,사상 강요
tech_thought_enforcement_gestalt,Thought Pre-Emption,사고 선점
tech_thrusters_1,Chemical Thrusters,화학 추진기
tech_thrusters_2,Ion Thrusters,이온 추진기
tech_thrusters_3,Plasma Thrusters,플라스마 추진기
tech_thrusters_4,Impulse Thrusters,임펄스 추진기
tech_thrusters_bio_integration,Thruster Bio-integration,추진기 생체 통합
tech_titan_hull_1,Improved Titan Hulls,개량 타이탄 선체
tech_titan_hull_2,Advanced Titan Hulls,강화 타이탄 선체
tech_titans,Titans,타이탄
tech_tomb_world_adaption,Tomb World Adaptation,죽은 행성 적응
tech_torpedoes_1,Space Torpedoes,우주 어뢰
tech_torpedoes_2,Armored Torpedoes,장갑 어뢰
tech_torpedoes_3,Devastator Torpedoes,파괴자 어뢰
tech_toxic_kelp,Ocean Ecology Management,해양 생태 관리
tech_transcendent_faith,Metacognitive Faith,초인지 신앙
tech_trinary_computing,Trinary Computing,3중 연산
tech_tropical_colonization,Tropical Colonization,열대 행성 개척
tech_tundra_colonization,Tundra Colonization,동토 행성 개척
tech_unity_of_purpose,Unity of Purpose,목적의 통합
tech_universal_marcophage,Universal Macrophage,범용 대식 세포
tech_unusual_senses,Unusual Senses,특이한 감각
tech_virtual_combat_arena,Virtual Combat Simulations,가상 전투 시뮬레이션
tech_visitor_center,Alien Visitor Centers,외계인 관광 안내소
tech_voidworm_immunity,Voidworm Immunity,공허충 면역
tech_volatile_motes,Volatile Material Plants,불안정 소재 공장
tech_volcanic_forge,Volcanic Forge,화산 제련소
tech_volcanic_terraforming,Volcanic Terraforming,화산 테라포밍
tech_volcano,Deep Crust Engineering,심층 지각 공학
tech_warp_drive_1,Warp Travel,워프 항행
tech_warp_drive_2,Warp Field Stabilizers,워프 역장 안정기
tech_warp_drive_3,Warp Drive Ramscoops,워프 드라이브 램스쿠프
tech_weaver_buffer_2,Weaver Healing Spores,위버 치유 포자
tech_weaver_buffer_3,Weaver Mending Spores,위버 수리 포자
tech_weaver_buffer_4,Weaver Adaptive Spores,위버 적응형 포자
tech_weaver_buffer_5,Weaver Intelligent Spores,위버 지능형 포자
tech_weaver_build_speed,Standardized Weaver Incubation,표준형 위버 부화
tech_weaver_debuffer_2,Dampening Tendrils,약화 촉수
tech_weaver_debuffer_3,Suppression Tendrils,억제 촉수
tech_weaver_debuffer_4,Disruption Tendrils,방해 촉수
tech_weaver_debuffer_5,Bioelectric Tendrils,생체 전기 촉수
tech_weaver_debuffer_6,Bio-Plasma Waves,생체 플라스마 파동
tech_weaver_growth_1,Improved Weaver Development,개선된 위버 발달
tech_weaver_growth_2,Advanced Weaver Development,진보된 위버 발달
tech_wilderness_node,Centers of Being,존재의 중심
tech_wilderness_terraform,Planetary Germination,행성 발아
tech_wormhole_generation_1,Subspace Wormholes,아공간 웜홀
tech_wormhole_generation_2,Wormhole Calibration Matrix,웜홀 보정 매트릭스
tech_wormhole_generation_3,Wormhole Containment Fields,웜홀 봉쇄 역장
tech_wormhole_stabilization,Wormhole Stabilization,웜홀 안정화
tech_xeno_aesthetics,Xeno-Aesthetics,외계 심미학
tech_xeno_diplomacy,Xeno Diplomacy,외계종 외교
tech_xeno_ecology_1,Xeno Ecology Subjugation,외계 생태계 정복
tech_xeno_ecology_2,Environmental Control,환경 통제
tech_xeno_integration,Xeno Integration,외계종 통합
tech_xeno_linguistics,Xeno-Linguistics,외계 언어학
tech_xeno_relations,Xeno Relations,외계 관계
tech_xeno_supremacy,Xeno Supremacy,외계 패권
tech_xeno_tourism_agency,Xeno Outreach Agencies,외계 지원 대행사
tech_xeno_zoo,Xeno Zoo,외계종 동물원
tech_yellow_crystal_weapon_1,Yellow Crystal Capacitors,황색 크리스탈 콘덴서
tech_zero_gravity_assembly_sequence,Zero-G Work Frames,무중력 작업 프레임
tech_zero_point_power,Zero Point Power,영점 동력원
tech_zro_launcher,Zro Launchers,즈로 발사기
tradition_adaptability,Adaptability,적응
tradition_aptitude,Aptitude,능력
tradition_archivism,Archivism,보존주의
tradition_cybernetics,Cybernetics,사이버네틱
tradition_diplomacy,Diplomacy,외교
tradition_discovery,Discovery,발견
tradition_domestication,Domestication,가축화
tradition_domination,Domination,지배
tradition_enmity,Enmity,대적
tradition_expansion,Expansion,확장
tradition_genetics,Genetics,유전
tradition_harmony,Harmony,조화
tradition_logistics,Logistics,물류
tradition_mercantile,Commerce,교역
tradition_modularity,Modularity,모듈화
tradition_mutation,Mutation,변이
tradition_nanotech,Nanotech,나노테크
tradition_politics,Politics,정치
tradition_prosperity,Prosperity,번영
tradition_psionics,Psionics,사이오닉
tradition_purity,Purity,순수
tradition_statecraft,Statecraft,국가 운영
tradition_subterfuge,Subterfuge,기만
tradition_supremacy,Supremacy,우월
tradition_synchronicity,Synchronicity,동기화
tradition_synthetics,Synthetics,합성
tradition_unyielding,Fortification,요새화
tradition_versatility,Versatility,융통성
tradition_virtuality,Virtuality,가상화
trait_acidic_vascularity,Acidic Vascularity,산성 체액
trait_adaptive,Adaptive,적응력
trait_adaptive_amenities,Adaptive Harmonics,적응형 화음 기관
trait_adaptive_energy,Adaptive Insulators,적응형 절연층
trait_adaptive_food,Adaptive Plows,적응형 쟁기
trait_adaptive_forge,Adaptive Calluses,적응형 외피
trait_adaptive_minerals,Adaptive Claws,적응형 발톱
trait_adaptive_mutations,Adaptive Mutations,적응형 변이
trait_adaptive_research,Adaptive Cortex,적응형 피질
trait_adaptive_trade,Adaptive Pheromones,적응형 페로몬
trait_adaptive_unity,Adaptive Sense Organs,적응형 감각 기관
trait_agrarian,Agrarian,농경
trait_aquatic,Aquatic,수생류
trait_artificial_intelligence,Augmented Intelligence,증강 지능
trait_auto_cold_preference,Cold Climate Mutations,냉대 기후 변이
trait_auto_dry_preference,Dry Climate Mutations,저습 기후 변이
trait_auto_hab_preference,Mutagenic Habitability,변이 유발 거주 적합도
trait_auto_mod_biological,Vocational Genomics,직업 유전체
trait_auto_mod_cyborg,Universal Augmentations,범용 증강 장치
trait_auto_mod_overtuned,Fleeting Excellence,찰나의 우월함
trait_auto_mod_robotic,Adaptive Frames,적응형 골격
trait_auto_pc_ringworld_habitable_preference,Ring World Mutations,링 월드 변이
trait_auto_wet_preference,Wet Climate Mutations,습윤 기후 변이
trait_bioadaptability,Bioadaptability,생체 적응
trait_blindness,Blind,눈먼 자
trait_brainslug,Brain Slug Host,두뇌 민달팽이 숙주
trait_brittle,Brittle,취약
trait_camouflage,Camouflage,위장
trait_cave_dweller,Cave Dweller,동굴 거주자
trait_cetanas_prisoner,Reawakened,다시 깨어난 자
trait_charismatic,Charismatic,카리스마
trait_chromalogs,Chromalogs,색채 소통
trait_clone_soldier_fertile,Clone Soldier Descendant,후대 클론 병사
trait_clone_soldier_infertile_full_potential,Clone Soldier Ascendant,선대 클론 병사
trait_cold_planet_preference,Cold Planet Preference,냉대 행성 선호
trait_cold_planet_preference_short,Cold Planet,냉대 행성
trait_commercial_genius,Commercial Genius,상업의 천재
trait_communal,Communal,공동체
trait_conformists,Conformists,순응주의자
trait_conservational,Conservationist,보호론자
trait_crack_miner,Dedicated Miner,전문 광부
trait_crafted_smiles,Crafted Smiles,만들어진 미소
trait_cranial_hypertrophy,Cranial Hypertrophy,두개골 비대증
trait_cranial_megatrophy,Cranial Megatrophy,두개골 거대증
trait_crucible_community,Crucible Community,도가니 공동체
trait_cyborg_apathy_loops,Abrasive Implants,거친 삽입물
trait_cyborg_bionic_engineers,Bionic Engineers,바이오닉 공학자
trait_cyborg_bionic_physicists,Bionic Physicists,바이오닉 물리학자
trait_cyborg_bionic_sociologists,Bionic Sociologists,바이오닉 사회학자
trait_cyborg_bulky,Bulky,덩치
trait_cyborg_climate_adjustment_cold,Cold Climate Mods,냉대 기후용 개조
trait_cyborg_climate_adjustment_dry,Dry Climate Mods,건조 기후용 개조
trait_cyborg_climate_adjustment_wet,Wet Climate Mods,습윤 기후용 개조
trait_cyborg_custom_made,Custom-Made,주문 제작
trait_cyborg_delicate_frames,Delicate Frames,연약한 골격
trait_cyborg_double_jointed,Double-Jointed,이중 관절
trait_cyborg_durable,Durable,내구성
trait_cyborg_efficient_processors,Efficient Processors,효율적 프로세서
trait_cyborg_enhanced_memory,Enhanced Memory,향상된 메모리
trait_cyborg_harvesters,Harvesters,수확기
trait_cyborg_high_bandwidth,High Bandwidth,높은 대역폭
trait_cyborg_high_maintenance,High Maintenance,높은 유지비
trait_cyborg_integrated_weaponry,Integrated Weaponry,일체형 무기
trait_cyborg_learning_algorithms,Learning Algorithms,학습 알고리즘
trait_cyborg_limited_memory,Limited Memory,제한된 메모리
trait_cyborg_logic_engines,Logic Engines,논리 엔진
trait_cyborg_loyalty_circuits,Loyalty Circuits,충성 회로
trait_cyborg_mass_produced,Refurbished Implants,삽입물 재활용
trait_cyborg_neural_limiters,Neural Limiters,신경 제한기
trait_cyborg_power_drills,Power Drills,동력 드릴
trait_cyborg_power_intensive,Power Intensive,전력 집약
trait_cyborg_propaganda_machines,Compliance Filters,순응 필터
trait_cyborg_recycled,Recycled,재활용
trait_cyborg_ritualistic_implants,Ritualistic Implants,축성 삽입물
trait_cyborg_scarcity_algorithms,Scarcity Algorithms,절약 알고리즘
trait_cyborg_stainless_steel_smile,Embellished Augments,화려한 증강물
trait_cyborg_streamlined_protocols,Streamlined Protocols,간소화 프로토콜
trait_cyborg_superconductive,Superconductive,초전도성
trait_cyborg_trading_algorithms,Trading Algorithms,무역 알고리즘
trait_cyborg_welded_countenance,Utilitarian Augments,실용적 증강물
trait_decadent,Decadent,퇴폐적
trait_delicious,Delicious,맛있는
trait_deviants,Deviants,일탈자
trait_diverse,Diverse,다양한
trait_docile,Docile,유순한
trait_drake_scaled,Drake-Scaled,드래곤의 비늘
trait_dry_planet_preference,Dry Planet Preference,건조 행성 선호
trait_dry_planet_preference_short,Dry Planet,저습 행성
trait_ductile,Ductile,연성
trait_egg_laying,Egg Laying,난생 종족
trait_elevated_synapses,Elevated Synapses,시냅스 증진
trait_enduring,Enduring,장수
trait_enigmatic_intelligence,Uplifted,지성화
trait_enigmatic_intelligence_failed,Unlifted,반지성화
trait_enigmatic_intelligence_poor,Somewhat Uplifted,약간 지성화
trait_erudite,Erudite,박식
trait_excessive_endurance,Excessive Endurance,지나친 인내
trait_exd,Extradimensional,타 차원 존재
trait_exotic_metabolism,Exotic Metabolism,이질적인 신진대사
trait_expressed_tradition,Expressed Tradition,표현된 전통
trait_extremely_adaptive,Extremely Adaptive,뛰어난 적응력
trait_familial,Familial,혈연
trait_farm_hands,Farm Appendages,농업용 부속지
trait_felsic,Felsic,규장질
trait_fertile,Fertile,다산
trait_fleeting,Fleeting,하루살이
trait_flight,Flight,비행
trait_frail,Frail,허약한
trait_geleboric_mutations,Geleboric Mutations,겔레보르 변이
trait_gene_mentorship,Gene Mentorship,유전자 멘토링
trait_genetic_memory,Genetic Memory,유전자 기억
trait_haunting_visions,Haunting Visions,섬뜩한 환상
trait_hive_mind,Hive-Minded,군체 의식
trait_hollow_bones,Hollow Bones,비어 있는 뼈
trait_humanoid_existential_iteroparity,Existential Iteroparity,실존적 다회 번식
trait_humanoid_jinxed,Jinxed,징크스
trait_humanoid_psychological_infertility,Psychological Infertility,심리적 불임
trait_incubator,Incubators,부화기
trait_indolent,Indolent,나태
trait_industrious,Industrious,근면한
trait_infernal,Thermophile,호열체
trait_infernal_plural,Thermophiles,호열체
trait_ingenious,Ingenious,독창적
trait_inner_darkness,Inner Darkness,내면의 어둠
trait_inorganic_breath,Inorganic Breath,무기질 숨결
trait_intelligent,Intelligent,지능적
trait_invasive,Invasive Species,침입종
trait_juiced_power,Juiced Power,약물의 힘
trait_latent_psionic,Latent Psionic,잠재적 사이오닉
trait_leader_genetic_purist,Genetic Purist,유전적 순수주의자
trait_leader_second_chanced,Second Chance,기사회생
trait_limited_cybernetic,Limited Cybernetic,제한적 사이버네틱
trait_limited_regeneration,Limited Regeneration,제한된 재생력
trait_lithoid,Lithoid,암석류
trait_lithoid_budding,Crystallization,크리스탈화
trait_lithoid_gaseous_byproducts,Gaseous Byproducts,가스 부산물
trait_lithoid_scintillating,Scintillating Skin,반짝이는 피부
trait_lithoid_volatile_excretions,Volatile Excretions,불안정 분비물
trait_long_lifespans,Long Lifespans,긴 수명
trait_low_maintenance,Low Maintenance,유지비 절약
trait_machine_unit,Machine,기계
trait_malleable_ameneties,Malleable Harmonics,가변 화음 기관
trait_malleable_energy,Malleable Insulators,가변 절연층
trait_malleable_food,Malleable Plows,가변 쟁기
trait_malleable_forge,Malleable Calluses,가변 외피
trait_malleable_genes,Malleable Genes,가변 유전자
trait_malleable_minerals,Malleable Claws,가변 발톱
trait_malleable_research,Malleable Cortex,가변 피질
trait_malleable_trade,Malleable Pheromones,가변 페로몬
trait_malleable_unity,Malleable Sense Organs,가변 감각 기관
trait_marked,Marked,표식을 새긴 자
trait_mechanical,Mechanical,기계적
trait_nascent_stage,Nascent Stage,미성숙 출산
trait_natural_engineers,Natural Engineers,타고난 공학자
trait_natural_machinist,Natural Machinist,타고난 기계공
trait_natural_physicists,Natural Physicists,타고난 물리학자
trait_natural_sociologists,Natural Sociologists,타고난 사회학자
trait_nerve_stapled,Nerve Stapled,신경 고정
trait_nivlac,Nivlac,니블락
trait_nomadic,Nomadic,유랑민
trait_nonadaptive,Nonadaptive,낮은 적응력
trait_noxious,Noxious,유독성
trait_nuumismatic_administration,Numistic Administration,누마 행정술
trait_organic,Organic,유기체
trait_pathogenic_genes,Pathogenic Genes,병원성 유전자
trait_pc_ai_preference,AI World Preference,AI 행성 선호
trait_pc_alpine_preference,Alpine Preference,고산 선호
trait_pc_arctic_preference,Arctic Preference,극지 선호
trait_pc_arid_preference,Arid Preference,건조 선호
trait_pc_city_preference,Ecumenopolis Preference,도시 행성 선호
trait_pc_continental_preference,Continental Preference,대륙 선호
trait_pc_continental_preference_short,Continental,대륙
trait_pc_cosmogenesis_world_preference,Synaptic Lathe Preference,시냅스 가공기 선호
trait_pc_desert_preference,Desert Preference,사막 선호
trait_pc_gaia_preference,Gaia World Preference,가이아 행성 선호
trait_pc_habitat_preference,Habitat Preference,거주지 선호
trait_pc_habitat_preference_short,Habitat,거주지
trait_pc_hive_preference,Hive World Preference,군체 행성 선호도
trait_pc_machine_preference,Machine World Preference,기계 행성 선호도
trait_pc_nuked_preference,Tomb World Preference,죽은 행성 선호
trait_pc_ocean_preference,Ocean Preference,해양 선호
trait_pc_ocean_preference_short,Ocean,해양
trait_pc_relic_preference,Relic World Preference,유물 행성 선호
trait_pc_ringworld_habitable_preference,Ring World Preference,링 월드 선호
trait_pc_ringworld_habitable_preference_short,Ring World,링 월드
trait_pc_savannah_preference,Savanna Preference,초원 선호
trait_pc_savannah_preference_short,Savanna,초원
trait_pc_tropical_preference,Tropical Preference,열대 선호
trait_pc_tundra_preference,Tundra Preference,동토 선호
trait_pc_volcanic_preference,Volcanic Preference,화산 선호
trait_pc_volcanic_preference_short,Volcanic,화산
trait_perfected_genes,Perfected Genes,완벽해진 유전자
trait_permeable_skin,Permeable Skin,침투성 피부
trait_persistent,Persistent,끈질긴
trait_plantoid_bloomed,Bloomed,개화
trait_plantoid_budding,Budding,눈접
trait_plantoid_phototrophic,Phototrophic,광영양 생물
trait_plantoid_radiotrophic,Radiotrophic,방사선 영양 생물
trait_plasmic,Plasmic,플라스마
trait_poor_engineers,Poor Engineers,형편없는 공학자
trait_poor_physicists,Poor Physicists,형편없는 물리학자
trait_poor_sociologists,Poor Sociologists,형편없는 사회학자
trait_preplanned_growth,Pre-Planned Growth,계획 성장
trait_presapient_conservative,Conservative,보수적
trait_presapient_docile_livestock,Docile Livestock,온순한 가축
trait_presapient_earthbound,Earthbound,행성 지향
trait_presapient_forcefully_devolved,Forcefully Devolved,강제 퇴화
trait_presapient_irradiated,Irradiated,방사선 조사
trait_presapient_natural_intellectuals,Natural Intellectuals,타고난 지성
trait_presapient_proles,Proles,노동 계층
trait_presapient_starborn,Starborn,별의 태생
trait_presapient_unintelligent,Unintelligent,우둔함
trait_psionic,Psionic,사이오닉
trait_psionic_ephapse,Psionic Ephapse,사이오닉 전기 시냅스
trait_pyroclastic,Pyroclastic Channeling,화쇄류 제어
trait_quarrelsome,Quarrelsome,호전적
trait_quick_learners,Quick Learners,빠른 습득
trait_rapid_breeders,Rapid Breeders,빠른 번식
trait_repugnant,Repugnant,혐오스러운
trait_resilient,Resilient,회복력
trait_robot_ancient_dreadnought,Ancient Dreadnought,고대 드레드노트
trait_robot_aquatic,Waterproof,방수
trait_robot_artificial_engineers,Engineering Core,공학 코어
trait_robot_artificial_physicists,Physics Core,물리학 코어
trait_robot_artificial_sociologists,Sociology Core,사회학 코어
trait_robot_assembly_slag,Assembly Slag,조립 광재
trait_robot_awoken,Awoken,깨어난 자
trait_robot_awoken_01,Forever in Limbo,망각 속에서 영원히
trait_robot_biomimetic_assembly,Biomimetic Assembly,생체 모방 조립
trait_robot_cave_dweller,Molebots,두더지봇
trait_robot_ceaseless_symmetric_annihilation_engine,Dark Matter Engines,암흑 물질 엔진
trait_robot_delicate_frames,Delicate Chassis,연약한 뼈대
trait_robot_digital_1,Virtual,가상
trait_robot_domestic_protocols,Domestic Protocols,가정용 프로토콜
trait_robot_emotion_emulators,Emotion Emulators,감정 모방기
trait_robot_enigmatic_fortress,Enigmatic Fortress,알 수 없는 요새
trait_robot_exotic_fuel_consumption,Exotic Fuel Consumption,외계 연료 사용
trait_robot_ferro_viscosity_augmentation,Living Metal Augmentations,생체 금속 증강
trait_robot_history_artbot,Nannybot,유모봇
trait_robot_history_chatbot,Conversational AI,대화형 AI
trait_robot_history_explorebot,Art Generator,작품 생성기
trait_robot_history_researchbot,Research Assistants,연구 보조봇
trait_robot_history_resourcebot,Workerbots,노동자봇
trait_robot_history_warbot,War Machine,전쟁 기계
trait_robot_immortality,Eternal Machine,영구 기계
trait_robot_infinity_sphere,Infinity Sphere,무한 구체
trait_robot_inquisitative_axioms,Inquisitive Axioms,탐구 공리
trait_robot_luxurious,Luxurious,호화
trait_robot_mass_produced,Mass-Produced,대량 생산
trait_robot_matrix_trading,Matrix Trading,메트릭스 교역
trait_robot_monoform,Monoform,단일한 형태
trait_robot_mote_powered_tools,Mote-powered Tools,분말 동력 도구
trait_robot_propaganda_machines,Propaganda Machines,선전 기계
trait_robot_rare_crystal_exterior,Rare Crystal Exterior,희귀 크리스탈 외장
trait_robot_repurposed_hardware,Repurposed Hardware,용도 변경된 하드웨어
trait_robot_scarcity_algorithms,Scarcity Subroutines,절약 서브루틴
trait_robot_scavenger_bot,Scavenger Bot,청소부 로봇
trait_robot_shielded_components,Shielded Components,부품 차폐
trait_robot_suppressed,Suppressed,억제됨
trait_robot_survivor,Radiation Shields,방사선 보호막
trait_robot_synthetic_dawn,Synthetic Salvation,합성체 구원
trait_robot_uncanny,Uncanny,기괴
trait_robot_volatile_mote_reactor,Volatile Mote Reactor,불안정 분말 반응로
trait_robotic_1,Robot,로봇
trait_robotic_2,Droid,드로이드
trait_robotic_3,Synthetic,합성체
trait_robust,Robust,튼튼한
trait_rooted,Rooted,뿌리
trait_ruler_apex_predator,Apex Predator,최상위 포식자
trait_ruler_architectural_sense,Architectural Sense,건축학적 감각
trait_ruler_architectural_sense_hive,Architectural Focus,건축 주력
trait_ruler_battleship_focus,Battleship Production Focus,전함 생산 주력
trait_ruler_charismatic_hive,Amplified Subprocesses,서브 프로세스 증폭
trait_ruler_corvette_focus,Corvette Production Focus,초계함 생산 주력
trait_ruler_cruiser_focus,Cruiser Production Focus,순양함 생산 주력
trait_ruler_deep_connections,Deep Connections,깊은 인맥
trait_ruler_deep_connections_hive,Deep Mind,심층 의식
trait_ruler_deep_connections_machine,Deep Analysis Subroutine,심층 분석 서브루틴
trait_ruler_destroyer_focus,Destroyer Production Focus,구축함 생산 주력
trait_ruler_expansionist,Expansionist,확장주의자
trait_ruler_expansionist_hive,Expansion Minded,확장 정신
trait_ruler_expansionist_machine,Calculated Expansion,계산된 확장
trait_ruler_explorer,Philomath,학문 애호가
trait_ruler_explorer_hive,Anomaly Understanding,이상 현상 이해
trait_ruler_explorer_machine,Anomaly Processing,이상 현상 처리
trait_ruler_eye_for_talent,Eye for Talent,재능을 보는 눈
trait_ruler_eye_for_talent_hive,Information Gathering,정보 수집
trait_ruler_eye_for_talent_machine,Information Processing,정보 처리
trait_ruler_feedback_loop,Feedback Loop,피드백 루프
trait_ruler_fertility_preacher,Fertility Preacher,풍요 전도사
trait_ruler_fertility_preacher_hive,Dynamic Growth,역동적 성장
trait_ruler_fertility_preacher_machine,Accelerated Replicators,신속 복제기
trait_ruler_fortifier,Fortifier,축성가
trait_ruler_from_the_ranks,From the Ranks,출세한
trait_ruler_from_the_ranks_hive,Combat Knowledge,전투 지식
trait_ruler_frontier_spirit,Frontier Spirit,개척 정신
trait_ruler_frontier_spirit_hive,Colony Focus,개척 주력
trait_ruler_industrialist,Mining Rush,채굴 러시
trait_ruler_industrialist_hive,Collector,채굴가
trait_ruler_industrialist_machine,Accumulator,비축가
trait_ruler_investor,Investor,투자자
trait_ruler_investor_hive,Optimizer,최적화
trait_ruler_investor_machine,Work Optimization Unit,작업 최적화 유닛
trait_ruler_logistic_understanding,Logistic Understanding,병참학적 이해
trait_ruler_logistic_understanding_machine,Logistic Programming,병참학적 프로그래밍
trait_ruler_military_pioneer,Military Pioneer,군사적 개척자
trait_ruler_military_pioneer_hive,Modular Ship Schematics,모듈식 함선 도면
trait_ruler_recruiter,Recruiter,모병관
trait_ruler_recruiter_hive,Infestor,증식자
trait_ruler_recruiter_machine,War Assembly Protocols,전쟁 조립 프로토콜
trait_ruler_space_miner,Space Miner,우주 광부
trait_ruler_warlike,Warlike,전쟁광
trait_ruler_warlike_hive,Warmind,전쟁 의식
trait_ruler_warlike_machine,War Algorithms,전쟁 알고리즘
trait_seasonal_dormancy,Seasonal Dormancy,계절성 휴면
trait_sedentary,Sedentary,정착민
trait_self_modified,Self-Modified,자가 수정
trait_shell_slag,Shell Slag,외피 광재
trait_shelled,Shelled,껍데기
trait_short_lifespans,Short Lifespans,짧은 수명
trait_slimeborn,Slimespawn,점액 태생체
trait_slow_breeders,Slow Breeders,느린 번식
trait_slow_learners,Slow Learners,느린 습득
trait_social_pheromones,Social Pheromones,사교 페로몬
trait_solitary,Solitary,외톨이
trait_spare_organs,Spare Organs,예비 장기
trait_spatial_mastery,Spatial Mastery,공간 지각 숙달
trait_spliced_adaptability,Spliced Adaptability,유전자 접합 적응성
trait_stargazer,Stargazer,별바라기
trait_stoic,Stoic,극기
trait_storm_fused,Storm Fused,폭풍이 깃든 자
trait_storm_touched,Storm Touched,폭풍에 닿은 자
trait_strong,Strong,강인한
trait_survivor,Survivor,생존자
trait_syncretic_proles,Serviles,순종적
trait_talented,Talented,재능아
trait_technical_skill,Technical Talent,기술적 재능
trait_thrifty,Thrifty,절약
trait_timid,Timid,소심한
trait_tiyanki,Polymelic,촉수 과다증
trait_tough,Tough,굳센
trait_traditional,Traditional,전통적
trait_unbreakable_resolve,Unbreakable Resolve,불굴의 의지
trait_uncanny_intuition,Uncanny Intuition,기묘한 직감
trait_unplugged_cybernetic_negatives_1,Haunted,환청
trait_unplugged_cybernetic_negatives_2,Disconnected,연결 해제
trait_unplugged_cybernetic_negatives_3,Unplugged,플러그 해제
trait_unplugged_cybernetic_positives_1,Cyborg Soldiers,사이보그 군인
trait_unplugged_cybernetic_positives_2,Cyber Shock Troops,사이버 기습 부대
trait_unplugged_cybernetic_positives_3,Cyber Commandos,사이버 특공대
trait_unplugged_decyberized,De-Cyberized,탈사이버화
trait_unplugged_neurocalmed,Neuro-Calmed,신경 안정
trait_unplugged_neurosavant,Neuro-Savant,신경 향상
trait_unplugged_regenoptimized,Regen-Optimized,회복 최적화
trait_unruly,Unruly,제멋대로인
trait_vat_grown,Vat-Grown,배양소 출신
trait_venerable,Venerable,불로장생
trait_very_strong,Very Strong,괴력
trait_void_dweller_1,Void Dweller,공허 거주인
trait_void_dweller_2,Zero-G Optimized,무중력 최적화
trait_voidling,Voidling,공허의 자손
trait_wasteful,Wasteful,낭비벽
trait_wet_planet_preference,Wet Planet Preference,습윤 행성 선호
trait_wet_planet_preference_short,Wet Planet,습윤 행성
trait_zombie,Zombie,좀비
tradition_plentiful_dedication,Dedication,헌신
tradition_plentiful_robotics,Robotics,로봇공학
